solid obrazek
  facet normal 0 0 1
    outer loop
      vertex 610.000000 613.000000 0.000000
      vertex 622.000000 613.000000 0.000000
      vertex 621.905396 614.504028 0.000000
    endloop
  endfacet
  facet normal 0 0 1
    outer loop
      vertex 610.000000 613.000000 0.000000
      vertex 621.905396 614.504028 0.000000
      vertex 621.622986 615.984253 0.000000
    endloop
  endfacet
  facet normal 0 0 1
    outer loop
      vertex 610.000000 613.000000 0.000000
      vertex 621.622986 615.984253 0.000000
      vertex 621.157288 617.417480 0.000000
    endloop
  endfacet
  facet normal 0 0 1
    outer loop
      vertex 610.000000 613.000000 0.000000
      vertex 621.157288 617.417480 0.000000
      vertex 620.515686 618.781067 0.000000
    endloop
  endfacet
  facet normal 0 0 1
    outer loop
      vertex 610.000000 613.000000 0.000000
      vertex 620.515686 618.781067 0.000000
      vertex 619.708191 620.053406 0.000000
    endloop
  endfacet
  facet normal 0 0 1
    outer loop
      vertex 610.000000 613.000000 0.000000
      vertex 619.708191 620.053406 0.000000
      vertex 618.747620 621.214539 0.000000
    endloop
  endfacet
  facet normal 0 0 1
    outer loop
      vertex 610.000000 613.000000 0.000000
      vertex 618.747620 621.214539 0.000000
      vertex 617.649109 622.246155 0.000000
    endloop
  endfacet
  facet normal 0 0 1
    outer loop
      vertex 610.000000 613.000000 0.000000
      vertex 617.649109 622.246155 0.000000
      vertex 616.429932 623.131958 0.000000
    endloop
  endfacet
  facet normal 0 0 1
    outer loop
      vertex 610.000000 613.000000 0.000000
      vertex 616.429932 623.131958 0.000000
      vertex 615.109375 623.857910 0.000000
    endloop
  endfacet
  facet normal 0 0 1
    outer loop
      vertex 610.000000 613.000000 0.000000
      vertex 615.109375 623.857910 0.000000
      vertex 613.708191 624.412659 0.000000
    endloop
  endfacet
  facet normal 0 0 1
    outer loop
      vertex 610.000000 613.000000 0.000000
      vertex 613.708191 624.412659 0.000000
      vertex 612.248596 624.787476 0.000000
    endloop
  endfacet
  facet normal 0 0 1
    outer loop
      vertex 610.000000 613.000000 0.000000
      vertex 612.248596 624.787476 0.000000
      vertex 610.753479 624.976318 0.000000
    endloop
  endfacet
  facet normal 0 0 1
    outer loop
      vertex 610.000000 613.000000 0.000000
      vertex 610.753479 624.976318 0.000000
      vertex 609.246521 624.976318 0.000000
    endloop
  endfacet
  facet normal 0 0 1
    outer loop
      vertex 610.000000 613.000000 0.000000
      vertex 609.246521 624.976318 0.000000
      vertex 607.751404 624.787476 0.000000
    endloop
  endfacet
  facet normal 0 0 1
    outer loop
      vertex 610.000000 613.000000 0.000000
      vertex 607.751404 624.787476 0.000000
      vertex 606.291809 624.412659 0.000000
    endloop
  endfacet
  facet normal 0 0 1
    outer loop
      vertex 610.000000 613.000000 0.000000
      vertex 606.291809 624.412659 0.000000
      vertex 604.890625 623.857910 0.000000
    endloop
  endfacet
  facet normal 0 0 1
    outer loop
      vertex 610.000000 613.000000 0.000000
      vertex 604.890625 623.857910 0.000000
      vertex 603.570068 623.131958 0.000000
    endloop
  endfacet
  facet normal 0 0 1
    outer loop
      vertex 610.000000 613.000000 0.000000
      vertex 603.570068 623.131958 0.000000
      vertex 602.350891 622.246155 0.000000
    endloop
  endfacet
  facet normal 0 0 1
    outer loop
      vertex 610.000000 613.000000 0.000000
      vertex 602.350891 622.246155 0.000000
      vertex 601.252380 621.214539 0.000000
    endloop
  endfacet
  facet normal 0 0 1
    outer loop
      vertex 610.000000 613.000000 0.000000
      vertex 601.252380 621.214539 0.000000
      vertex 600.291809 620.053406 0.000000
    endloop
  endfacet
  facet normal 0 0 1
    outer loop
      vertex 610.000000 613.000000 0.000000
      vertex 600.291809 620.053406 0.000000
      vertex 599.484314 618.781067 0.000000
    endloop
  endfacet
  facet normal 0 0 1
    outer loop
      vertex 610.000000 613.000000 0.000000
      vertex 599.484314 618.781067 0.000000
      vertex 598.842651 617.417480 0.000000
    endloop
  endfacet
  facet normal 0 0 1
    outer loop
      vertex 610.000000 613.000000 0.000000
      vertex 598.842651 617.417480 0.000000
      vertex 598.377014 615.984253 0.000000
    endloop
  endfacet
  facet normal 0 0 1
    outer loop
      vertex 610.000000 613.000000 0.000000
      vertex 598.377014 615.984253 0.000000
      vertex 598.094604 614.503967 0.000000
    endloop
  endfacet
  facet normal 0 0 1
    outer loop
      vertex 610.000000 613.000000 0.000000
      vertex 598.094604 614.503967 0.000000
      vertex 598.000000 613.000000 0.000000
    endloop
  endfacet
  facet normal 0 0 1
    outer loop
      vertex 610.000000 613.000000 0.000000
      vertex 598.000000 613.000000 0.000000
      vertex 598.094604 611.495972 0.000000
    endloop
  endfacet
  facet normal 0 0 1
    outer loop
      vertex 610.000000 613.000000 0.000000
      vertex 598.094604 611.495972 0.000000
      vertex 598.377014 610.015747 0.000000
    endloop
  endfacet
  facet normal 0 0 1
    outer loop
      vertex 610.000000 613.000000 0.000000
      vertex 598.377014 610.015747 0.000000
      vertex 598.842712 608.582520 0.000000
    endloop
  endfacet
  facet normal 0 0 1
    outer loop
      vertex 610.000000 613.000000 0.000000
      vertex 598.842712 608.582520 0.000000
      vertex 599.484314 607.218933 0.000000
    endloop
  endfacet
  facet normal 0 0 1
    outer loop
      vertex 610.000000 613.000000 0.000000
      vertex 599.484314 607.218933 0.000000
      vertex 600.291809 605.946594 0.000000
    endloop
  endfacet
  facet normal 0 0 1
    outer loop
      vertex 610.000000 613.000000 0.000000
      vertex 600.291809 605.946594 0.000000
      vertex 601.252380 604.785461 0.000000
    endloop
  endfacet
  facet normal 0 0 1
    outer loop
      vertex 610.000000 613.000000 0.000000
      vertex 601.252380 604.785461 0.000000
      vertex 602.350891 603.753845 0.000000
    endloop
  endfacet
  facet normal 0 0 1
    outer loop
      vertex 610.000000 613.000000 0.000000
      vertex 602.350891 603.753845 0.000000
      vertex 603.570068 602.868042 0.000000
    endloop
  endfacet
  facet normal 0 0 1
    outer loop
      vertex 610.000000 613.000000 0.000000
      vertex 603.570068 602.868042 0.000000
      vertex 604.890625 602.142090 0.000000
    endloop
  endfacet
  facet normal 0 0 1
    outer loop
      vertex 610.000000 613.000000 0.000000
      vertex 604.890625 602.142090 0.000000
      vertex 606.291809 601.587341 0.000000
    endloop
  endfacet
  facet normal 0 0 1
    outer loop
      vertex 610.000000 613.000000 0.000000
      vertex 606.291809 601.587341 0.000000
      vertex 607.751404 601.212524 0.000000
    endloop
  endfacet
  facet normal 0 0 1
    outer loop
      vertex 610.000000 613.000000 0.000000
      vertex 607.751404 601.212524 0.000000
      vertex 609.246521 601.023682 0.000000
    endloop
  endfacet
  facet normal 0 0 1
    outer loop
      vertex 610.000000 613.000000 0.000000
      vertex 609.246521 601.023682 0.000000
      vertex 610.753479 601.023682 0.000000
    endloop
  endfacet
  facet normal 0 0 1
    outer loop
      vertex 610.000000 613.000000 0.000000
      vertex 610.753479 601.023682 0.000000
      vertex 612.248596 601.212524 0.000000
    endloop
  endfacet
  facet normal 0 0 1
    outer loop
      vertex 610.000000 613.000000 0.000000
      vertex 612.248596 601.212524 0.000000
      vertex 613.708191 601.587341 0.000000
    endloop
  endfacet
  facet normal 0 0 1
    outer loop
      vertex 610.000000 613.000000 0.000000
      vertex 613.708191 601.587341 0.000000
      vertex 615.109375 602.142090 0.000000
    endloop
  endfacet
  facet normal 0 0 1
    outer loop
      vertex 610.000000 613.000000 0.000000
      vertex 615.109375 602.142090 0.000000
      vertex 616.429932 602.868042 0.000000
    endloop
  endfacet
  facet normal 0 0 1
    outer loop
      vertex 610.000000 613.000000 0.000000
      vertex 616.429932 602.868042 0.000000
      vertex 617.649109 603.753845 0.000000
    endloop
  endfacet
  facet normal 0 0 1
    outer loop
      vertex 610.000000 613.000000 0.000000
      vertex 617.649109 603.753845 0.000000
      vertex 618.747620 604.785461 0.000000
    endloop
  endfacet
  facet normal 0 0 1
    outer loop
      vertex 610.000000 613.000000 0.000000
      vertex 618.747620 604.785461 0.000000
      vertex 619.708191 605.946594 0.000000
    endloop
  endfacet
  facet normal 0 0 1
    outer loop
      vertex 610.000000 613.000000 0.000000
      vertex 619.708191 605.946594 0.000000
      vertex 620.515686 607.218933 0.000000
    endloop
  endfacet
  facet normal 0 0 1
    outer loop
      vertex 610.000000 613.000000 0.000000
      vertex 620.515686 607.218933 0.000000
      vertex 621.157349 608.582520 0.000000
    endloop
  endfacet
  facet normal 0 0 1
    outer loop
      vertex 610.000000 613.000000 0.000000
      vertex 621.157349 608.582520 0.000000
      vertex 621.622986 610.015747 0.000000
    endloop
  endfacet
  facet normal 0 0 1
    outer loop
      vertex 610.000000 613.000000 0.000000
      vertex 621.622986 610.015747 0.000000
      vertex 621.905396 611.496033 0.000000
    endloop
  endfacet
  facet normal 0 0 1
    outer loop
      vertex 610.000000 613.000000 0.000000
      vertex 621.905396 611.496033 0.000000
      vertex 622.000000 613.000000 0.000000
    endloop
  endfacet
  facet normal 0 0 1
    outer loop
      vertex 590.000000 611.500000 0.000000
      vertex 630.000000 611.500000 0.000000
      vertex 590.000000 614.500000 0.000000
    endloop
  endfacet
  facet normal 0 0 1
    outer loop
      vertex 590.000000 614.500000 0.000000
      vertex 630.000000 611.500000 0.000000
      vertex 630.000000 614.500000 0.000000
    endloop
  endfacet
  facet normal 0 0 1
    outer loop
      vertex 593.429504 601.700989 0.000000
      vertex 628.070496 621.700989 0.000000
      vertex 591.929504 604.299011 0.000000
    endloop
  endfacet
  facet normal 0 0 1
    outer loop
      vertex 591.929504 604.299011 0.000000
      vertex 628.070496 621.700989 0.000000
      vertex 626.570496 624.299011 0.000000
    endloop
  endfacet
  facet normal 0 0 1
    outer loop
      vertex 601.299011 594.929504 0.000000
      vertex 621.299011 629.570496 0.000000
      vertex 598.700989 596.429504 0.000000
    endloop
  endfacet
  facet normal 0 0 1
    outer loop
      vertex 598.700989 596.429504 0.000000
      vertex 621.299011 629.570496 0.000000
      vertex 618.700989 631.070496 0.000000
    endloop
  endfacet
  facet normal 0 0 1
    outer loop
      vertex 611.500000 593.000000 0.000000
      vertex 611.500000 633.000000 0.000000
      vertex 608.500000 593.000000 0.000000
    endloop
  endfacet
  facet normal 0 0 1
    outer loop
      vertex 608.500000 593.000000 0.000000
      vertex 611.500000 633.000000 0.000000
      vertex 608.500000 633.000000 0.000000
    endloop
  endfacet
  facet normal 0 0 1
    outer loop
      vertex 621.299011 596.429504 0.000000
      vertex 601.299011 631.070496 0.000000
      vertex 618.700989 594.929504 0.000000
    endloop
  endfacet
  facet normal 0 0 1
    outer loop
      vertex 618.700989 594.929504 0.000000
      vertex 601.299011 631.070496 0.000000
      vertex 598.700989 629.570496 0.000000
    endloop
  endfacet
  facet normal 0 0 1
    outer loop
      vertex 628.070496 604.299011 0.000000
      vertex 593.429504 624.299011 0.000000
      vertex 626.570496 601.700989 0.000000
    endloop
  endfacet
  facet normal 0 0 1
    outer loop
      vertex 626.570496 601.700989 0.000000
      vertex 593.429504 624.299011 0.000000
      vertex 591.929504 621.700989 0.000000
    endloop
  endfacet
  facet normal 0 0 1
    outer loop
      vertex 342.000000 529.000000 0.000000
      vertex 354.000000 529.000000 0.000000
      vertex 353.905365 530.504028 0.000000
    endloop
  endfacet
  facet normal 0 0 1
    outer loop
      vertex 342.000000 529.000000 0.000000
      vertex 353.905365 530.504028 0.000000
      vertex 353.622986 531.984253 0.000000
    endloop
  endfacet
  facet normal 0 0 1
    outer loop
      vertex 342.000000 529.000000 0.000000
      vertex 353.622986 531.984253 0.000000
      vertex 353.157318 533.417480 0.000000
    endloop
  endfacet
  facet normal 0 0 1
    outer loop
      vertex 342.000000 529.000000 0.000000
      vertex 353.157318 533.417480 0.000000
      vertex 352.515686 534.781067 0.000000
    endloop
  endfacet
  facet normal 0 0 1
    outer loop
      vertex 342.000000 529.000000 0.000000
      vertex 352.515686 534.781067 0.000000
      vertex 351.708191 536.053406 0.000000
    endloop
  endfacet
  facet normal 0 0 1
    outer loop
      vertex 342.000000 529.000000 0.000000
      vertex 351.708191 536.053406 0.000000
      vertex 350.747620 537.214539 0.000000
    endloop
  endfacet
  facet normal 0 0 1
    outer loop
      vertex 342.000000 529.000000 0.000000
      vertex 350.747620 537.214539 0.000000
      vertex 349.649078 538.246155 0.000000
    endloop
  endfacet
  facet normal 0 0 1
    outer loop
      vertex 342.000000 529.000000 0.000000
      vertex 349.649078 538.246155 0.000000
      vertex 348.429932 539.131958 0.000000
    endloop
  endfacet
  facet normal 0 0 1
    outer loop
      vertex 342.000000 529.000000 0.000000
      vertex 348.429932 539.131958 0.000000
      vertex 347.109344 539.857910 0.000000
    endloop
  endfacet
  facet normal 0 0 1
    outer loop
      vertex 342.000000 529.000000 0.000000
      vertex 347.109344 539.857910 0.000000
      vertex 345.708191 540.412659 0.000000
    endloop
  endfacet
  facet normal 0 0 1
    outer loop
      vertex 342.000000 529.000000 0.000000
      vertex 345.708191 540.412659 0.000000
      vertex 344.248566 540.787476 0.000000
    endloop
  endfacet
  facet normal 0 0 1
    outer loop
      vertex 342.000000 529.000000 0.000000
      vertex 344.248566 540.787476 0.000000
      vertex 342.753479 540.976318 0.000000
    endloop
  endfacet
  facet normal 0 0 1
    outer loop
      vertex 342.000000 529.000000 0.000000
      vertex 342.753479 540.976318 0.000000
      vertex 341.246521 540.976318 0.000000
    endloop
  endfacet
  facet normal 0 0 1
    outer loop
      vertex 342.000000 529.000000 0.000000
      vertex 341.246521 540.976318 0.000000
      vertex 339.751434 540.787476 0.000000
    endloop
  endfacet
  facet normal 0 0 1
    outer loop
      vertex 342.000000 529.000000 0.000000
      vertex 339.751434 540.787476 0.000000
      vertex 338.291809 540.412659 0.000000
    endloop
  endfacet
  facet normal 0 0 1
    outer loop
      vertex 342.000000 529.000000 0.000000
      vertex 338.291809 540.412659 0.000000
      vertex 336.890656 539.857910 0.000000
    endloop
  endfacet
  facet normal 0 0 1
    outer loop
      vertex 342.000000 529.000000 0.000000
      vertex 336.890656 539.857910 0.000000
      vertex 335.570068 539.131958 0.000000
    endloop
  endfacet
  facet normal 0 0 1
    outer loop
      vertex 342.000000 529.000000 0.000000
      vertex 335.570068 539.131958 0.000000
      vertex 334.350922 538.246155 0.000000
    endloop
  endfacet
  facet normal 0 0 1
    outer loop
      vertex 342.000000 529.000000 0.000000
      vertex 334.350922 538.246155 0.000000
      vertex 333.252380 537.214539 0.000000
    endloop
  endfacet
  facet normal 0 0 1
    outer loop
      vertex 342.000000 529.000000 0.000000
      vertex 333.252380 537.214539 0.000000
      vertex 332.291809 536.053406 0.000000
    endloop
  endfacet
  facet normal 0 0 1
    outer loop
      vertex 342.000000 529.000000 0.000000
      vertex 332.291809 536.053406 0.000000
      vertex 331.484314 534.781067 0.000000
    endloop
  endfacet
  facet normal 0 0 1
    outer loop
      vertex 342.000000 529.000000 0.000000
      vertex 331.484314 534.781067 0.000000
      vertex 330.842682 533.417480 0.000000
    endloop
  endfacet
  facet normal 0 0 1
    outer loop
      vertex 342.000000 529.000000 0.000000
      vertex 330.842682 533.417480 0.000000
      vertex 330.377014 531.984253 0.000000
    endloop
  endfacet
  facet normal 0 0 1
    outer loop
      vertex 342.000000 529.000000 0.000000
      vertex 330.377014 531.984253 0.000000
      vertex 330.094635 530.503967 0.000000
    endloop
  endfacet
  facet normal 0 0 1
    outer loop
      vertex 342.000000 529.000000 0.000000
      vertex 330.094635 530.503967 0.000000
      vertex 330.000000 529.000000 0.000000
    endloop
  endfacet
  facet normal 0 0 1
    outer loop
      vertex 342.000000 529.000000 0.000000
      vertex 330.000000 529.000000 0.000000
      vertex 330.094635 527.495972 0.000000
    endloop
  endfacet
  facet normal 0 0 1
    outer loop
      vertex 342.000000 529.000000 0.000000
      vertex 330.094635 527.495972 0.000000
      vertex 330.377014 526.015747 0.000000
    endloop
  endfacet
  facet normal 0 0 1
    outer loop
      vertex 342.000000 529.000000 0.000000
      vertex 330.377014 526.015747 0.000000
      vertex 330.842682 524.582520 0.000000
    endloop
  endfacet
  facet normal 0 0 1
    outer loop
      vertex 342.000000 529.000000 0.000000
      vertex 330.842682 524.582520 0.000000
      vertex 331.484314 523.218933 0.000000
    endloop
  endfacet
  facet normal 0 0 1
    outer loop
      vertex 342.000000 529.000000 0.000000
      vertex 331.484314 523.218933 0.000000
      vertex 332.291809 521.946594 0.000000
    endloop
  endfacet
  facet normal 0 0 1
    outer loop
      vertex 342.000000 529.000000 0.000000
      vertex 332.291809 521.946594 0.000000
      vertex 333.252380 520.785461 0.000000
    endloop
  endfacet
  facet normal 0 0 1
    outer loop
      vertex 342.000000 529.000000 0.000000
      vertex 333.252380 520.785461 0.000000
      vertex 334.350922 519.753845 0.000000
    endloop
  endfacet
  facet normal 0 0 1
    outer loop
      vertex 342.000000 529.000000 0.000000
      vertex 334.350922 519.753845 0.000000
      vertex 335.570068 518.868042 0.000000
    endloop
  endfacet
  facet normal 0 0 1
    outer loop
      vertex 342.000000 529.000000 0.000000
      vertex 335.570068 518.868042 0.000000
      vertex 336.890656 518.142090 0.000000
    endloop
  endfacet
  facet normal 0 0 1
    outer loop
      vertex 342.000000 529.000000 0.000000
      vertex 336.890656 518.142090 0.000000
      vertex 338.291809 517.587341 0.000000
    endloop
  endfacet
  facet normal 0 0 1
    outer loop
      vertex 342.000000 529.000000 0.000000
      vertex 338.291809 517.587341 0.000000
      vertex 339.751434 517.212524 0.000000
    endloop
  endfacet
  facet normal 0 0 1
    outer loop
      vertex 342.000000 529.000000 0.000000
      vertex 339.751434 517.212524 0.000000
      vertex 341.246521 517.023682 0.000000
    endloop
  endfacet
  facet normal 0 0 1
    outer loop
      vertex 342.000000 529.000000 0.000000
      vertex 341.246521 517.023682 0.000000
      vertex 342.753479 517.023682 0.000000
    endloop
  endfacet
  facet normal 0 0 1
    outer loop
      vertex 342.000000 529.000000 0.000000
      vertex 342.753479 517.023682 0.000000
      vertex 344.248566 517.212524 0.000000
    endloop
  endfacet
  facet normal 0 0 1
    outer loop
      vertex 342.000000 529.000000 0.000000
      vertex 344.248566 517.212524 0.000000
      vertex 345.708191 517.587341 0.000000
    endloop
  endfacet
  facet normal 0 0 1
    outer loop
      vertex 342.000000 529.000000 0.000000
      vertex 345.708191 517.587341 0.000000
      vertex 347.109344 518.142090 0.000000
    endloop
  endfacet
  facet normal 0 0 1
    outer loop
      vertex 342.000000 529.000000 0.000000
      vertex 347.109344 518.142090 0.000000
      vertex 348.429932 518.868042 0.000000
    endloop
  endfacet
  facet normal 0 0 1
    outer loop
      vertex 342.000000 529.000000 0.000000
      vertex 348.429932 518.868042 0.000000
      vertex 349.649078 519.753845 0.000000
    endloop
  endfacet
  facet normal 0 0 1
    outer loop
      vertex 342.000000 529.000000 0.000000
      vertex 349.649078 519.753845 0.000000
      vertex 350.747620 520.785461 0.000000
    endloop
  endfacet
  facet normal 0 0 1
    outer loop
      vertex 342.000000 529.000000 0.000000
      vertex 350.747620 520.785461 0.000000
      vertex 351.708221 521.946594 0.000000
    endloop
  endfacet
  facet normal 0 0 1
    outer loop
      vertex 342.000000 529.000000 0.000000
      vertex 351.708221 521.946594 0.000000
      vertex 352.515686 523.218933 0.000000
    endloop
  endfacet
  facet normal 0 0 1
    outer loop
      vertex 342.000000 529.000000 0.000000
      vertex 352.515686 523.218933 0.000000
      vertex 353.157318 524.582520 0.000000
    endloop
  endfacet
  facet normal 0 0 1
    outer loop
      vertex 342.000000 529.000000 0.000000
      vertex 353.157318 524.582520 0.000000
      vertex 353.622986 526.015747 0.000000
    endloop
  endfacet
  facet normal 0 0 1
    outer loop
      vertex 342.000000 529.000000 0.000000
      vertex 353.622986 526.015747 0.000000
      vertex 353.905365 527.496033 0.000000
    endloop
  endfacet
  facet normal 0 0 1
    outer loop
      vertex 342.000000 529.000000 0.000000
      vertex 353.905365 527.496033 0.000000
      vertex 354.000000 529.000000 0.000000
    endloop
  endfacet
  facet normal 0 0 1
    outer loop
      vertex 322.000000 527.500000 0.000000
      vertex 362.000000 527.500000 0.000000
      vertex 322.000000 530.500000 0.000000
    endloop
  endfacet
  facet normal 0 0 1
    outer loop
      vertex 322.000000 530.500000 0.000000
      vertex 362.000000 527.500000 0.000000
      vertex 362.000000 530.500000 0.000000
    endloop
  endfacet
  facet normal 0 0 1
    outer loop
      vertex 325.429504 517.700989 0.000000
      vertex 360.070496 537.700989 0.000000
      vertex 323.929504 520.299011 0.000000
    endloop
  endfacet
  facet normal 0 0 1
    outer loop
      vertex 323.929504 520.299011 0.000000
      vertex 360.070496 537.700989 0.000000
      vertex 358.570496 540.299011 0.000000
    endloop
  endfacet
  facet normal 0 0 1
    outer loop
      vertex 333.299042 510.929504 0.000000
      vertex 353.299042 545.570496 0.000000
      vertex 330.700958 512.429504 0.000000
    endloop
  endfacet
  facet normal 0 0 1
    outer loop
      vertex 330.700958 512.429504 0.000000
      vertex 353.299042 545.570496 0.000000
      vertex 350.700958 547.070496 0.000000
    endloop
  endfacet
  facet normal 0 0 1
    outer loop
      vertex 343.500000 509.000000 0.000000
      vertex 343.500000 549.000000 0.000000
      vertex 340.500000 509.000000 0.000000
    endloop
  endfacet
  facet normal 0 0 1
    outer loop
      vertex 340.500000 509.000000 0.000000
      vertex 343.500000 549.000000 0.000000
      vertex 340.500000 549.000000 0.000000
    endloop
  endfacet
  facet normal 0 0 1
    outer loop
      vertex 353.299042 512.429504 0.000000
      vertex 333.299042 547.070496 0.000000
      vertex 350.700958 510.929504 0.000000
    endloop
  endfacet
  facet normal 0 0 1
    outer loop
      vertex 350.700958 510.929504 0.000000
      vertex 333.299042 547.070496 0.000000
      vertex 330.700958 545.570496 0.000000
    endloop
  endfacet
  facet normal 0 0 1
    outer loop
      vertex 360.070496 520.299011 0.000000
      vertex 325.429504 540.299011 0.000000
      vertex 358.570496 517.700989 0.000000
    endloop
  endfacet
  facet normal 0 0 1
    outer loop
      vertex 358.570496 517.700989 0.000000
      vertex 325.429504 540.299011 0.000000
      vertex 323.929504 537.700989 0.000000
    endloop
  endfacet
  facet normal 0 0 1
    outer loop
      vertex 434.000000 989.000000 0.000000
      vertex 446.000000 989.000000 0.000000
      vertex 445.905365 990.504028 0.000000
    endloop
  endfacet
  facet normal 0 0 1
    outer loop
      vertex 434.000000 989.000000 0.000000
      vertex 445.905365 990.504028 0.000000
      vertex 445.622986 991.984253 0.000000
    endloop
  endfacet
  facet normal 0 0 1
    outer loop
      vertex 434.000000 989.000000 0.000000
      vertex 445.622986 991.984253 0.000000
      vertex 445.157318 993.417480 0.000000
    endloop
  endfacet
  facet normal 0 0 1
    outer loop
      vertex 434.000000 989.000000 0.000000
      vertex 445.157318 993.417480 0.000000
      vertex 444.515686 994.781067 0.000000
    endloop
  endfacet
  facet normal 0 0 1
    outer loop
      vertex 434.000000 989.000000 0.000000
      vertex 444.515686 994.781067 0.000000
      vertex 443.708191 996.053406 0.000000
    endloop
  endfacet
  facet normal 0 0 1
    outer loop
      vertex 434.000000 989.000000 0.000000
      vertex 443.708191 996.053406 0.000000
      vertex 442.747620 997.214539 0.000000
    endloop
  endfacet
  facet normal 0 0 1
    outer loop
      vertex 434.000000 989.000000 0.000000
      vertex 442.747620 997.214539 0.000000
      vertex 441.649078 998.246155 0.000000
    endloop
  endfacet
  facet normal 0 0 1
    outer loop
      vertex 434.000000 989.000000 0.000000
      vertex 441.649078 998.246155 0.000000
      vertex 440.429932 999.131958 0.000000
    endloop
  endfacet
  facet normal 0 0 1
    outer loop
      vertex 434.000000 989.000000 0.000000
      vertex 440.429932 999.131958 0.000000
      vertex 439.109344 999.857910 0.000000
    endloop
  endfacet
  facet normal 0 0 1
    outer loop
      vertex 434.000000 989.000000 0.000000
      vertex 439.109344 999.857910 0.000000
      vertex 437.708191 1000.412659 0.000000
    endloop
  endfacet
  facet normal 0 0 1
    outer loop
      vertex 434.000000 989.000000 0.000000
      vertex 437.708191 1000.412659 0.000000
      vertex 436.248566 1000.787476 0.000000
    endloop
  endfacet
  facet normal 0 0 1
    outer loop
      vertex 434.000000 989.000000 0.000000
      vertex 436.248566 1000.787476 0.000000
      vertex 434.753479 1000.976318 0.000000
    endloop
  endfacet
  facet normal 0 0 1
    outer loop
      vertex 434.000000 989.000000 0.000000
      vertex 434.753479 1000.976318 0.000000
      vertex 433.246521 1000.976318 0.000000
    endloop
  endfacet
  facet normal 0 0 1
    outer loop
      vertex 434.000000 989.000000 0.000000
      vertex 433.246521 1000.976318 0.000000
      vertex 431.751434 1000.787476 0.000000
    endloop
  endfacet
  facet normal 0 0 1
    outer loop
      vertex 434.000000 989.000000 0.000000
      vertex 431.751434 1000.787476 0.000000
      vertex 430.291809 1000.412659 0.000000
    endloop
  endfacet
  facet normal 0 0 1
    outer loop
      vertex 434.000000 989.000000 0.000000
      vertex 430.291809 1000.412659 0.000000
      vertex 428.890656 999.857910 0.000000
    endloop
  endfacet
  facet normal 0 0 1
    outer loop
      vertex 434.000000 989.000000 0.000000
      vertex 428.890656 999.857910 0.000000
      vertex 427.570068 999.131958 0.000000
    endloop
  endfacet
  facet normal 0 0 1
    outer loop
      vertex 434.000000 989.000000 0.000000
      vertex 427.570068 999.131958 0.000000
      vertex 426.350922 998.246155 0.000000
    endloop
  endfacet
  facet normal 0 0 1
    outer loop
      vertex 434.000000 989.000000 0.000000
      vertex 426.350922 998.246155 0.000000
      vertex 425.252380 997.214539 0.000000
    endloop
  endfacet
  facet normal 0 0 1
    outer loop
      vertex 434.000000 989.000000 0.000000
      vertex 425.252380 997.214539 0.000000
      vertex 424.291809 996.053406 0.000000
    endloop
  endfacet
  facet normal 0 0 1
    outer loop
      vertex 434.000000 989.000000 0.000000
      vertex 424.291809 996.053406 0.000000
      vertex 423.484314 994.781067 0.000000
    endloop
  endfacet
  facet normal 0 0 1
    outer loop
      vertex 434.000000 989.000000 0.000000
      vertex 423.484314 994.781067 0.000000
      vertex 422.842682 993.417480 0.000000
    endloop
  endfacet
  facet normal 0 0 1
    outer loop
      vertex 434.000000 989.000000 0.000000
      vertex 422.842682 993.417480 0.000000
      vertex 422.377014 991.984253 0.000000
    endloop
  endfacet
  facet normal 0 0 1
    outer loop
      vertex 434.000000 989.000000 0.000000
      vertex 422.377014 991.984253 0.000000
      vertex 422.094635 990.503967 0.000000
    endloop
  endfacet
  facet normal 0 0 1
    outer loop
      vertex 434.000000 989.000000 0.000000
      vertex 422.094635 990.503967 0.000000
      vertex 422.000000 989.000000 0.000000
    endloop
  endfacet
  facet normal 0 0 1
    outer loop
      vertex 434.000000 989.000000 0.000000
      vertex 422.000000 989.000000 0.000000
      vertex 422.094635 987.495972 0.000000
    endloop
  endfacet
  facet normal 0 0 1
    outer loop
      vertex 434.000000 989.000000 0.000000
      vertex 422.094635 987.495972 0.000000
      vertex 422.377014 986.015747 0.000000
    endloop
  endfacet
  facet normal 0 0 1
    outer loop
      vertex 434.000000 989.000000 0.000000
      vertex 422.377014 986.015747 0.000000
      vertex 422.842682 984.582520 0.000000
    endloop
  endfacet
  facet normal 0 0 1
    outer loop
      vertex 434.000000 989.000000 0.000000
      vertex 422.842682 984.582520 0.000000
      vertex 423.484314 983.218933 0.000000
    endloop
  endfacet
  facet normal 0 0 1
    outer loop
      vertex 434.000000 989.000000 0.000000
      vertex 423.484314 983.218933 0.000000
      vertex 424.291809 981.946594 0.000000
    endloop
  endfacet
  facet normal 0 0 1
    outer loop
      vertex 434.000000 989.000000 0.000000
      vertex 424.291809 981.946594 0.000000
      vertex 425.252380 980.785461 0.000000
    endloop
  endfacet
  facet normal 0 0 1
    outer loop
      vertex 434.000000 989.000000 0.000000
      vertex 425.252380 980.785461 0.000000
      vertex 426.350922 979.753845 0.000000
    endloop
  endfacet
  facet normal 0 0 1
    outer loop
      vertex 434.000000 989.000000 0.000000
      vertex 426.350922 979.753845 0.000000
      vertex 427.570068 978.868042 0.000000
    endloop
  endfacet
  facet normal 0 0 1
    outer loop
      vertex 434.000000 989.000000 0.000000
      vertex 427.570068 978.868042 0.000000
      vertex 428.890656 978.142090 0.000000
    endloop
  endfacet
  facet normal 0 0 1
    outer loop
      vertex 434.000000 989.000000 0.000000
      vertex 428.890656 978.142090 0.000000
      vertex 430.291809 977.587341 0.000000
    endloop
  endfacet
  facet normal 0 0 1
    outer loop
      vertex 434.000000 989.000000 0.000000
      vertex 430.291809 977.587341 0.000000
      vertex 431.751434 977.212524 0.000000
    endloop
  endfacet
  facet normal 0 0 1
    outer loop
      vertex 434.000000 989.000000 0.000000
      vertex 431.751434 977.212524 0.000000
      vertex 433.246521 977.023682 0.000000
    endloop
  endfacet
  facet normal 0 0 1
    outer loop
      vertex 434.000000 989.000000 0.000000
      vertex 433.246521 977.023682 0.000000
      vertex 434.753479 977.023682 0.000000
    endloop
  endfacet
  facet normal 0 0 1
    outer loop
      vertex 434.000000 989.000000 0.000000
      vertex 434.753479 977.023682 0.000000
      vertex 436.248566 977.212524 0.000000
    endloop
  endfacet
  facet normal 0 0 1
    outer loop
      vertex 434.000000 989.000000 0.000000
      vertex 436.248566 977.212524 0.000000
      vertex 437.708191 977.587341 0.000000
    endloop
  endfacet
  facet normal 0 0 1
    outer loop
      vertex 434.000000 989.000000 0.000000
      vertex 437.708191 977.587341 0.000000
      vertex 439.109344 978.142090 0.000000
    endloop
  endfacet
  facet normal 0 0 1
    outer loop
      vertex 434.000000 989.000000 0.000000
      vertex 439.109344 978.142090 0.000000
      vertex 440.429932 978.868042 0.000000
    endloop
  endfacet
  facet normal 0 0 1
    outer loop
      vertex 434.000000 989.000000 0.000000
      vertex 440.429932 978.868042 0.000000
      vertex 441.649078 979.753845 0.000000
    endloop
  endfacet
  facet normal 0 0 1
    outer loop
      vertex 434.000000 989.000000 0.000000
      vertex 441.649078 979.753845 0.000000
      vertex 442.747620 980.785461 0.000000
    endloop
  endfacet
  facet normal 0 0 1
    outer loop
      vertex 434.000000 989.000000 0.000000
      vertex 442.747620 980.785461 0.000000
      vertex 443.708221 981.946594 0.000000
    endloop
  endfacet
  facet normal 0 0 1
    outer loop
      vertex 434.000000 989.000000 0.000000
      vertex 443.708221 981.946594 0.000000
      vertex 444.515686 983.218933 0.000000
    endloop
  endfacet
  facet normal 0 0 1
    outer loop
      vertex 434.000000 989.000000 0.000000
      vertex 444.515686 983.218933 0.000000
      vertex 445.157318 984.582520 0.000000
    endloop
  endfacet
  facet normal 0 0 1
    outer loop
      vertex 434.000000 989.000000 0.000000
      vertex 445.157318 984.582520 0.000000
      vertex 445.622986 986.015747 0.000000
    endloop
  endfacet
  facet normal 0 0 1
    outer loop
      vertex 434.000000 989.000000 0.000000
      vertex 445.622986 986.015747 0.000000
      vertex 445.905365 987.496033 0.000000
    endloop
  endfacet
  facet normal 0 0 1
    outer loop
      vertex 434.000000 989.000000 0.000000
      vertex 445.905365 987.496033 0.000000
      vertex 446.000000 989.000000 0.000000
    endloop
  endfacet
  facet normal 0 0 1
    outer loop
      vertex 414.000000 987.500000 0.000000
      vertex 454.000000 987.500000 0.000000
      vertex 414.000000 990.500000 0.000000
    endloop
  endfacet
  facet normal 0 0 1
    outer loop
      vertex 414.000000 990.500000 0.000000
      vertex 454.000000 987.500000 0.000000
      vertex 454.000000 990.500000 0.000000
    endloop
  endfacet
  facet normal 0 0 1
    outer loop
      vertex 417.429504 977.700989 0.000000
      vertex 452.070496 997.700989 0.000000
      vertex 415.929504 980.299011 0.000000
    endloop
  endfacet
  facet normal 0 0 1
    outer loop
      vertex 415.929504 980.299011 0.000000
      vertex 452.070496 997.700989 0.000000
      vertex 450.570496 1000.299011 0.000000
    endloop
  endfacet
  facet normal 0 0 1
    outer loop
      vertex 425.299042 970.929504 0.000000
      vertex 445.299042 1005.570496 0.000000
      vertex 422.700958 972.429504 0.000000
    endloop
  endfacet
  facet normal 0 0 1
    outer loop
      vertex 422.700958 972.429504 0.000000
      vertex 445.299042 1005.570496 0.000000
      vertex 442.700958 1007.070496 0.000000
    endloop
  endfacet
  facet normal 0 0 1
    outer loop
      vertex 435.500000 969.000000 0.000000
      vertex 435.500000 1009.000000 0.000000
      vertex 432.500000 969.000000 0.000000
    endloop
  endfacet
  facet normal 0 0 1
    outer loop
      vertex 432.500000 969.000000 0.000000
      vertex 435.500000 1009.000000 0.000000
      vertex 432.500000 1009.000000 0.000000
    endloop
  endfacet
  facet normal 0 0 1
    outer loop
      vertex 445.299042 972.429504 0.000000
      vertex 425.299042 1007.070496 0.000000
      vertex 442.700958 970.929504 0.000000
    endloop
  endfacet
  facet normal 0 0 1
    outer loop
      vertex 442.700958 970.929504 0.000000
      vertex 425.299042 1007.070496 0.000000
      vertex 422.700958 1005.570496 0.000000
    endloop
  endfacet
  facet normal 0 0 1
    outer loop
      vertex 452.070496 980.299011 0.000000
      vertex 417.429504 1000.299011 0.000000
      vertex 450.570496 977.700989 0.000000
    endloop
  endfacet
  facet normal 0 0 1
    outer loop
      vertex 450.570496 977.700989 0.000000
      vertex 417.429504 1000.299011 0.000000
      vertex 415.929504 997.700989 0.000000
    endloop
  endfacet
  facet normal 0 0 1
    outer loop
      vertex 21.000000 683.000000 0.000000
      vertex 33.000000 683.000000 0.000000
      vertex 32.905376 684.504028 0.000000
    endloop
  endfacet
  facet normal 0 0 1
    outer loop
      vertex 21.000000 683.000000 0.000000
      vertex 32.905376 684.504028 0.000000
      vertex 32.622997 685.984253 0.000000
    endloop
  endfacet
  facet normal 0 0 1
    outer loop
      vertex 21.000000 683.000000 0.000000
      vertex 32.622997 685.984253 0.000000
      vertex 32.157318 687.417480 0.000000
    endloop
  endfacet
  facet normal 0 0 1
    outer loop
      vertex 21.000000 683.000000 0.000000
      vertex 32.157318 687.417480 0.000000
      vertex 31.515680 688.781067 0.000000
    endloop
  endfacet
  facet normal 0 0 1
    outer loop
      vertex 21.000000 683.000000 0.000000
      vertex 31.515680 688.781067 0.000000
      vertex 30.708204 690.053406 0.000000
    endloop
  endfacet
  facet normal 0 0 1
    outer loop
      vertex 21.000000 683.000000 0.000000
      vertex 30.708204 690.053406 0.000000
      vertex 29.747623 691.214539 0.000000
    endloop
  endfacet
  facet normal 0 0 1
    outer loop
      vertex 21.000000 683.000000 0.000000
      vertex 29.747623 691.214539 0.000000
      vertex 28.649088 692.246155 0.000000
    endloop
  endfacet
  facet normal 0 0 1
    outer loop
      vertex 21.000000 683.000000 0.000000
      vertex 28.649088 692.246155 0.000000
      vertex 27.429920 693.131958 0.000000
    endloop
  endfacet
  facet normal 0 0 1
    outer loop
      vertex 21.000000 683.000000 0.000000
      vertex 27.429920 693.131958 0.000000
      vertex 26.109350 693.857910 0.000000
    endloop
  endfacet
  facet normal 0 0 1
    outer loop
      vertex 21.000000 683.000000 0.000000
      vertex 26.109350 693.857910 0.000000
      vertex 24.708204 694.412659 0.000000
    endloop
  endfacet
  facet normal 0 0 1
    outer loop
      vertex 21.000000 683.000000 0.000000
      vertex 24.708204 694.412659 0.000000
      vertex 23.248575 694.787476 0.000000
    endloop
  endfacet
  facet normal 0 0 1
    outer loop
      vertex 21.000000 683.000000 0.000000
      vertex 23.248575 694.787476 0.000000
      vertex 21.753485 694.976318 0.000000
    endloop
  endfacet
  facet normal 0 0 1
    outer loop
      vertex 21.000000 683.000000 0.000000
      vertex 21.753485 694.976318 0.000000
      vertex 20.246513 694.976318 0.000000
    endloop
  endfacet
  facet normal 0 0 1
    outer loop
      vertex 21.000000 683.000000 0.000000
      vertex 20.246513 694.976318 0.000000
      vertex 18.751423 694.787476 0.000000
    endloop
  endfacet
  facet normal 0 0 1
    outer loop
      vertex 21.000000 683.000000 0.000000
      vertex 18.751423 694.787476 0.000000
      vertex 17.291796 694.412659 0.000000
    endloop
  endfacet
  facet normal 0 0 1
    outer loop
      vertex 21.000000 683.000000 0.000000
      vertex 17.291796 694.412659 0.000000
      vertex 15.890647 693.857910 0.000000
    endloop
  endfacet
  facet normal 0 0 1
    outer loop
      vertex 21.000000 683.000000 0.000000
      vertex 15.890647 693.857910 0.000000
      vertex 14.570077 693.131958 0.000000
    endloop
  endfacet
  facet normal 0 0 1
    outer loop
      vertex 21.000000 683.000000 0.000000
      vertex 14.570077 693.131958 0.000000
      vertex 13.350910 692.246155 0.000000
    endloop
  endfacet
  facet normal 0 0 1
    outer loop
      vertex 21.000000 683.000000 0.000000
      vertex 13.350910 692.246155 0.000000
      vertex 12.252377 691.214539 0.000000
    endloop
  endfacet
  facet normal 0 0 1
    outer loop
      vertex 21.000000 683.000000 0.000000
      vertex 12.252377 691.214539 0.000000
      vertex 11.291796 690.053406 0.000000
    endloop
  endfacet
  facet normal 0 0 1
    outer loop
      vertex 21.000000 683.000000 0.000000
      vertex 11.291796 690.053406 0.000000
      vertex 10.484319 688.781067 0.000000
    endloop
  endfacet
  facet normal 0 0 1
    outer loop
      vertex 21.000000 683.000000 0.000000
      vertex 10.484319 688.781067 0.000000
      vertex 9.842682 687.417480 0.000000
    endloop
  endfacet
  facet normal 0 0 1
    outer loop
      vertex 21.000000 683.000000 0.000000
      vertex 9.842682 687.417480 0.000000
      vertex 9.377002 685.984253 0.000000
    endloop
  endfacet
  facet normal 0 0 1
    outer loop
      vertex 21.000000 683.000000 0.000000
      vertex 9.377002 685.984253 0.000000
      vertex 9.094624 684.503967 0.000000
    endloop
  endfacet
  facet normal 0 0 1
    outer loop
      vertex 21.000000 683.000000 0.000000
      vertex 9.094624 684.503967 0.000000
      vertex 9.000000 683.000000 0.000000
    endloop
  endfacet
  facet normal 0 0 1
    outer loop
      vertex 21.000000 683.000000 0.000000
      vertex 9.000000 683.000000 0.000000
      vertex 9.094624 681.495972 0.000000
    endloop
  endfacet
  facet normal 0 0 1
    outer loop
      vertex 21.000000 683.000000 0.000000
      vertex 9.094624 681.495972 0.000000
      vertex 9.377003 680.015747 0.000000
    endloop
  endfacet
  facet normal 0 0 1
    outer loop
      vertex 21.000000 683.000000 0.000000
      vertex 9.377003 680.015747 0.000000
      vertex 9.842683 678.582520 0.000000
    endloop
  endfacet
  facet normal 0 0 1
    outer loop
      vertex 21.000000 683.000000 0.000000
      vertex 9.842683 678.582520 0.000000
      vertex 10.484322 677.218933 0.000000
    endloop
  endfacet
  facet normal 0 0 1
    outer loop
      vertex 21.000000 683.000000 0.000000
      vertex 10.484322 677.218933 0.000000
      vertex 11.291797 675.946594 0.000000
    endloop
  endfacet
  facet normal 0 0 1
    outer loop
      vertex 21.000000 683.000000 0.000000
      vertex 11.291797 675.946594 0.000000
      vertex 12.252378 674.785461 0.000000
    endloop
  endfacet
  facet normal 0 0 1
    outer loop
      vertex 21.000000 683.000000 0.000000
      vertex 12.252378 674.785461 0.000000
      vertex 13.350914 673.753845 0.000000
    endloop
  endfacet
  facet normal 0 0 1
    outer loop
      vertex 21.000000 683.000000 0.000000
      vertex 13.350914 673.753845 0.000000
      vertex 14.570081 672.868042 0.000000
    endloop
  endfacet
  facet normal 0 0 1
    outer loop
      vertex 21.000000 683.000000 0.000000
      vertex 14.570081 672.868042 0.000000
      vertex 15.890652 672.142090 0.000000
    endloop
  endfacet
  facet normal 0 0 1
    outer loop
      vertex 21.000000 683.000000 0.000000
      vertex 15.890652 672.142090 0.000000
      vertex 17.291800 671.587341 0.000000
    endloop
  endfacet
  facet normal 0 0 1
    outer loop
      vertex 21.000000 683.000000 0.000000
      vertex 17.291800 671.587341 0.000000
      vertex 18.751429 671.212524 0.000000
    endloop
  endfacet
  facet normal 0 0 1
    outer loop
      vertex 21.000000 683.000000 0.000000
      vertex 18.751429 671.212524 0.000000
      vertex 20.246519 671.023682 0.000000
    endloop
  endfacet
  facet normal 0 0 1
    outer loop
      vertex 21.000000 683.000000 0.000000
      vertex 20.246519 671.023682 0.000000
      vertex 21.753487 671.023682 0.000000
    endloop
  endfacet
  facet normal 0 0 1
    outer loop
      vertex 21.000000 683.000000 0.000000
      vertex 21.753487 671.023682 0.000000
      vertex 23.248577 671.212524 0.000000
    endloop
  endfacet
  facet normal 0 0 1
    outer loop
      vertex 21.000000 683.000000 0.000000
      vertex 23.248577 671.212524 0.000000
      vertex 24.708206 671.587341 0.000000
    endloop
  endfacet
  facet normal 0 0 1
    outer loop
      vertex 21.000000 683.000000 0.000000
      vertex 24.708206 671.587341 0.000000
      vertex 26.109354 672.142090 0.000000
    endloop
  endfacet
  facet normal 0 0 1
    outer loop
      vertex 21.000000 683.000000 0.000000
      vertex 26.109354 672.142090 0.000000
      vertex 27.429924 672.868042 0.000000
    endloop
  endfacet
  facet normal 0 0 1
    outer loop
      vertex 21.000000 683.000000 0.000000
      vertex 27.429924 672.868042 0.000000
      vertex 28.649090 673.753845 0.000000
    endloop
  endfacet
  facet normal 0 0 1
    outer loop
      vertex 21.000000 683.000000 0.000000
      vertex 28.649090 673.753845 0.000000
      vertex 29.747627 674.785461 0.000000
    endloop
  endfacet
  facet normal 0 0 1
    outer loop
      vertex 21.000000 683.000000 0.000000
      vertex 29.747627 674.785461 0.000000
      vertex 30.708206 675.946594 0.000000
    endloop
  endfacet
  facet normal 0 0 1
    outer loop
      vertex 21.000000 683.000000 0.000000
      vertex 30.708206 675.946594 0.000000
      vertex 31.515682 677.218933 0.000000
    endloop
  endfacet
  facet normal 0 0 1
    outer loop
      vertex 21.000000 683.000000 0.000000
      vertex 31.515682 677.218933 0.000000
      vertex 32.157322 678.582520 0.000000
    endloop
  endfacet
  facet normal 0 0 1
    outer loop
      vertex 21.000000 683.000000 0.000000
      vertex 32.157322 678.582520 0.000000
      vertex 32.623001 680.015747 0.000000
    endloop
  endfacet
  facet normal 0 0 1
    outer loop
      vertex 21.000000 683.000000 0.000000
      vertex 32.623001 680.015747 0.000000
      vertex 32.905376 681.496033 0.000000
    endloop
  endfacet
  facet normal 0 0 1
    outer loop
      vertex 21.000000 683.000000 0.000000
      vertex 32.905376 681.496033 0.000000
      vertex 33.000000 683.000000 0.000000
    endloop
  endfacet
  facet normal 0 0 1
    outer loop
      vertex 1.000000 681.500000 0.000000
      vertex 41.000000 681.500000 0.000000
      vertex 1.000000 684.500000 0.000000
    endloop
  endfacet
  facet normal 0 0 1
    outer loop
      vertex 1.000000 684.500000 0.000000
      vertex 41.000000 681.500000 0.000000
      vertex 41.000000 684.500000 0.000000
    endloop
  endfacet
  facet normal 0 0 1
    outer loop
      vertex 4.429493 671.700989 0.000000
      vertex 39.070507 691.700989 0.000000
      vertex 2.929493 674.299011 0.000000
    endloop
  endfacet
  facet normal 0 0 1
    outer loop
      vertex 2.929493 674.299011 0.000000
      vertex 39.070507 691.700989 0.000000
      vertex 37.570507 694.299011 0.000000
    endloop
  endfacet
  facet normal 0 0 1
    outer loop
      vertex 12.299039 664.929504 0.000000
      vertex 32.299038 699.570496 0.000000
      vertex 9.700963 666.429504 0.000000
    endloop
  endfacet
  facet normal 0 0 1
    outer loop
      vertex 9.700963 666.429504 0.000000
      vertex 32.299038 699.570496 0.000000
      vertex 29.700962 701.070496 0.000000
    endloop
  endfacet
  facet normal 0 0 1
    outer loop
      vertex 22.500000 663.000000 0.000000
      vertex 22.500000 703.000000 0.000000
      vertex 19.500000 663.000000 0.000000
    endloop
  endfacet
  facet normal 0 0 1
    outer loop
      vertex 19.500000 663.000000 0.000000
      vertex 22.500000 703.000000 0.000000
      vertex 19.500000 703.000000 0.000000
    endloop
  endfacet
  facet normal 0 0 1
    outer loop
      vertex 32.299038 666.429504 0.000000
      vertex 12.299037 701.070496 0.000000
      vertex 29.700962 664.929504 0.000000
    endloop
  endfacet
  facet normal 0 0 1
    outer loop
      vertex 29.700962 664.929504 0.000000
      vertex 12.299037 701.070496 0.000000
      vertex 9.700961 699.570496 0.000000
    endloop
  endfacet
  facet normal 0 0 1
    outer loop
      vertex 39.070507 674.299011 0.000000
      vertex 4.429493 694.299011 0.000000
      vertex 37.570507 671.700989 0.000000
    endloop
  endfacet
  facet normal 0 0 1
    outer loop
      vertex 37.570507 671.700989 0.000000
      vertex 4.429493 694.299011 0.000000
      vertex 2.929493 691.700989 0.000000
    endloop
  endfacet
  facet normal 0 0 1
    outer loop
      vertex 890.000000 694.000000 0.000000
      vertex 902.000000 694.000000 0.000000
      vertex 901.905396 695.504028 0.000000
    endloop
  endfacet
  facet normal 0 0 1
    outer loop
      vertex 890.000000 694.000000 0.000000
      vertex 901.905396 695.504028 0.000000
      vertex 901.622986 696.984253 0.000000
    endloop
  endfacet
  facet normal 0 0 1
    outer loop
      vertex 890.000000 694.000000 0.000000
      vertex 901.622986 696.984253 0.000000
      vertex 901.157288 698.417480 0.000000
    endloop
  endfacet
  facet normal 0 0 1
    outer loop
      vertex 890.000000 694.000000 0.000000
      vertex 901.157288 698.417480 0.000000
      vertex 900.515686 699.781067 0.000000
    endloop
  endfacet
  facet normal 0 0 1
    outer loop
      vertex 890.000000 694.000000 0.000000
      vertex 900.515686 699.781067 0.000000
      vertex 899.708191 701.053406 0.000000
    endloop
  endfacet
  facet normal 0 0 1
    outer loop
      vertex 890.000000 694.000000 0.000000
      vertex 899.708191 701.053406 0.000000
      vertex 898.747620 702.214539 0.000000
    endloop
  endfacet
  facet normal 0 0 1
    outer loop
      vertex 890.000000 694.000000 0.000000
      vertex 898.747620 702.214539 0.000000
      vertex 897.649109 703.246155 0.000000
    endloop
  endfacet
  facet normal 0 0 1
    outer loop
      vertex 890.000000 694.000000 0.000000
      vertex 897.649109 703.246155 0.000000
      vertex 896.429932 704.131958 0.000000
    endloop
  endfacet
  facet normal 0 0 1
    outer loop
      vertex 890.000000 694.000000 0.000000
      vertex 896.429932 704.131958 0.000000
      vertex 895.109375 704.857910 0.000000
    endloop
  endfacet
  facet normal 0 0 1
    outer loop
      vertex 890.000000 694.000000 0.000000
      vertex 895.109375 704.857910 0.000000
      vertex 893.708191 705.412659 0.000000
    endloop
  endfacet
  facet normal 0 0 1
    outer loop
      vertex 890.000000 694.000000 0.000000
      vertex 893.708191 705.412659 0.000000
      vertex 892.248596 705.787476 0.000000
    endloop
  endfacet
  facet normal 0 0 1
    outer loop
      vertex 890.000000 694.000000 0.000000
      vertex 892.248596 705.787476 0.000000
      vertex 890.753479 705.976318 0.000000
    endloop
  endfacet
  facet normal 0 0 1
    outer loop
      vertex 890.000000 694.000000 0.000000
      vertex 890.753479 705.976318 0.000000
      vertex 889.246521 705.976318 0.000000
    endloop
  endfacet
  facet normal 0 0 1
    outer loop
      vertex 890.000000 694.000000 0.000000
      vertex 889.246521 705.976318 0.000000
      vertex 887.751404 705.787476 0.000000
    endloop
  endfacet
  facet normal 0 0 1
    outer loop
      vertex 890.000000 694.000000 0.000000
      vertex 887.751404 705.787476 0.000000
      vertex 886.291809 705.412659 0.000000
    endloop
  endfacet
  facet normal 0 0 1
    outer loop
      vertex 890.000000 694.000000 0.000000
      vertex 886.291809 705.412659 0.000000
      vertex 884.890625 704.857910 0.000000
    endloop
  endfacet
  facet normal 0 0 1
    outer loop
      vertex 890.000000 694.000000 0.000000
      vertex 884.890625 704.857910 0.000000
      vertex 883.570068 704.131958 0.000000
    endloop
  endfacet
  facet normal 0 0 1
    outer loop
      vertex 890.000000 694.000000 0.000000
      vertex 883.570068 704.131958 0.000000
      vertex 882.350891 703.246155 0.000000
    endloop
  endfacet
  facet normal 0 0 1
    outer loop
      vertex 890.000000 694.000000 0.000000
      vertex 882.350891 703.246155 0.000000
      vertex 881.252380 702.214539 0.000000
    endloop
  endfacet
  facet normal 0 0 1
    outer loop
      vertex 890.000000 694.000000 0.000000
      vertex 881.252380 702.214539 0.000000
      vertex 880.291809 701.053406 0.000000
    endloop
  endfacet
  facet normal 0 0 1
    outer loop
      vertex 890.000000 694.000000 0.000000
      vertex 880.291809 701.053406 0.000000
      vertex 879.484314 699.781067 0.000000
    endloop
  endfacet
  facet normal 0 0 1
    outer loop
      vertex 890.000000 694.000000 0.000000
      vertex 879.484314 699.781067 0.000000
      vertex 878.842651 698.417480 0.000000
    endloop
  endfacet
  facet normal 0 0 1
    outer loop
      vertex 890.000000 694.000000 0.000000
      vertex 878.842651 698.417480 0.000000
      vertex 878.377014 696.984253 0.000000
    endloop
  endfacet
  facet normal 0 0 1
    outer loop
      vertex 890.000000 694.000000 0.000000
      vertex 878.377014 696.984253 0.000000
      vertex 878.094604 695.503967 0.000000
    endloop
  endfacet
  facet normal 0 0 1
    outer loop
      vertex 890.000000 694.000000 0.000000
      vertex 878.094604 695.503967 0.000000
      vertex 878.000000 694.000000 0.000000
    endloop
  endfacet
  facet normal 0 0 1
    outer loop
      vertex 890.000000 694.000000 0.000000
      vertex 878.000000 694.000000 0.000000
      vertex 878.094604 692.495972 0.000000
    endloop
  endfacet
  facet normal 0 0 1
    outer loop
      vertex 890.000000 694.000000 0.000000
      vertex 878.094604 692.495972 0.000000
      vertex 878.377014 691.015747 0.000000
    endloop
  endfacet
  facet normal 0 0 1
    outer loop
      vertex 890.000000 694.000000 0.000000
      vertex 878.377014 691.015747 0.000000
      vertex 878.842712 689.582520 0.000000
    endloop
  endfacet
  facet normal 0 0 1
    outer loop
      vertex 890.000000 694.000000 0.000000
      vertex 878.842712 689.582520 0.000000
      vertex 879.484314 688.218933 0.000000
    endloop
  endfacet
  facet normal 0 0 1
    outer loop
      vertex 890.000000 694.000000 0.000000
      vertex 879.484314 688.218933 0.000000
      vertex 880.291809 686.946594 0.000000
    endloop
  endfacet
  facet normal 0 0 1
    outer loop
      vertex 890.000000 694.000000 0.000000
      vertex 880.291809 686.946594 0.000000
      vertex 881.252380 685.785461 0.000000
    endloop
  endfacet
  facet normal 0 0 1
    outer loop
      vertex 890.000000 694.000000 0.000000
      vertex 881.252380 685.785461 0.000000
      vertex 882.350891 684.753845 0.000000
    endloop
  endfacet
  facet normal 0 0 1
    outer loop
      vertex 890.000000 694.000000 0.000000
      vertex 882.350891 684.753845 0.000000
      vertex 883.570068 683.868042 0.000000
    endloop
  endfacet
  facet normal 0 0 1
    outer loop
      vertex 890.000000 694.000000 0.000000
      vertex 883.570068 683.868042 0.000000
      vertex 884.890625 683.142090 0.000000
    endloop
  endfacet
  facet normal 0 0 1
    outer loop
      vertex 890.000000 694.000000 0.000000
      vertex 884.890625 683.142090 0.000000
      vertex 886.291809 682.587341 0.000000
    endloop
  endfacet
  facet normal 0 0 1
    outer loop
      vertex 890.000000 694.000000 0.000000
      vertex 886.291809 682.587341 0.000000
      vertex 887.751404 682.212524 0.000000
    endloop
  endfacet
  facet normal 0 0 1
    outer loop
      vertex 890.000000 694.000000 0.000000
      vertex 887.751404 682.212524 0.000000
      vertex 889.246521 682.023682 0.000000
    endloop
  endfacet
  facet normal 0 0 1
    outer loop
      vertex 890.000000 694.000000 0.000000
      vertex 889.246521 682.023682 0.000000
      vertex 890.753479 682.023682 0.000000
    endloop
  endfacet
  facet normal 0 0 1
    outer loop
      vertex 890.000000 694.000000 0.000000
      vertex 890.753479 682.023682 0.000000
      vertex 892.248596 682.212524 0.000000
    endloop
  endfacet
  facet normal 0 0 1
    outer loop
      vertex 890.000000 694.000000 0.000000
      vertex 892.248596 682.212524 0.000000
      vertex 893.708191 682.587341 0.000000
    endloop
  endfacet
  facet normal 0 0 1
    outer loop
      vertex 890.000000 694.000000 0.000000
      vertex 893.708191 682.587341 0.000000
      vertex 895.109375 683.142090 0.000000
    endloop
  endfacet
  facet normal 0 0 1
    outer loop
      vertex 890.000000 694.000000 0.000000
      vertex 895.109375 683.142090 0.000000
      vertex 896.429932 683.868042 0.000000
    endloop
  endfacet
  facet normal 0 0 1
    outer loop
      vertex 890.000000 694.000000 0.000000
      vertex 896.429932 683.868042 0.000000
      vertex 897.649109 684.753845 0.000000
    endloop
  endfacet
  facet normal 0 0 1
    outer loop
      vertex 890.000000 694.000000 0.000000
      vertex 897.649109 684.753845 0.000000
      vertex 898.747620 685.785461 0.000000
    endloop
  endfacet
  facet normal 0 0 1
    outer loop
      vertex 890.000000 694.000000 0.000000
      vertex 898.747620 685.785461 0.000000
      vertex 899.708191 686.946594 0.000000
    endloop
  endfacet
  facet normal 0 0 1
    outer loop
      vertex 890.000000 694.000000 0.000000
      vertex 899.708191 686.946594 0.000000
      vertex 900.515686 688.218933 0.000000
    endloop
  endfacet
  facet normal 0 0 1
    outer loop
      vertex 890.000000 694.000000 0.000000
      vertex 900.515686 688.218933 0.000000
      vertex 901.157349 689.582520 0.000000
    endloop
  endfacet
  facet normal 0 0 1
    outer loop
      vertex 890.000000 694.000000 0.000000
      vertex 901.157349 689.582520 0.000000
      vertex 901.622986 691.015747 0.000000
    endloop
  endfacet
  facet normal 0 0 1
    outer loop
      vertex 890.000000 694.000000 0.000000
      vertex 901.622986 691.015747 0.000000
      vertex 901.905396 692.496033 0.000000
    endloop
  endfacet
  facet normal 0 0 1
    outer loop
      vertex 890.000000 694.000000 0.000000
      vertex 901.905396 692.496033 0.000000
      vertex 902.000000 694.000000 0.000000
    endloop
  endfacet
  facet normal 0 0 1
    outer loop
      vertex 870.000000 692.500000 0.000000
      vertex 910.000000 692.500000 0.000000
      vertex 870.000000 695.500000 0.000000
    endloop
  endfacet
  facet normal 0 0 1
    outer loop
      vertex 870.000000 695.500000 0.000000
      vertex 910.000000 692.500000 0.000000
      vertex 910.000000 695.500000 0.000000
    endloop
  endfacet
  facet normal 0 0 1
    outer loop
      vertex 873.429504 682.700989 0.000000
      vertex 908.070496 702.700989 0.000000
      vertex 871.929504 685.299011 0.000000
    endloop
  endfacet
  facet normal 0 0 1
    outer loop
      vertex 871.929504 685.299011 0.000000
      vertex 908.070496 702.700989 0.000000
      vertex 906.570496 705.299011 0.000000
    endloop
  endfacet
  facet normal 0 0 1
    outer loop
      vertex 881.299011 675.929504 0.000000
      vertex 901.299011 710.570496 0.000000
      vertex 878.700989 677.429504 0.000000
    endloop
  endfacet
  facet normal 0 0 1
    outer loop
      vertex 878.700989 677.429504 0.000000
      vertex 901.299011 710.570496 0.000000
      vertex 898.700989 712.070496 0.000000
    endloop
  endfacet
  facet normal 0 0 1
    outer loop
      vertex 891.500000 674.000000 0.000000
      vertex 891.500000 714.000000 0.000000
      vertex 888.500000 674.000000 0.000000
    endloop
  endfacet
  facet normal 0 0 1
    outer loop
      vertex 888.500000 674.000000 0.000000
      vertex 891.500000 714.000000 0.000000
      vertex 888.500000 714.000000 0.000000
    endloop
  endfacet
  facet normal 0 0 1
    outer loop
      vertex 901.299011 677.429504 0.000000
      vertex 881.299011 712.070496 0.000000
      vertex 898.700989 675.929504 0.000000
    endloop
  endfacet
  facet normal 0 0 1
    outer loop
      vertex 898.700989 675.929504 0.000000
      vertex 881.299011 712.070496 0.000000
      vertex 878.700989 710.570496 0.000000
    endloop
  endfacet
  facet normal 0 0 1
    outer loop
      vertex 908.070496 685.299011 0.000000
      vertex 873.429504 705.299011 0.000000
      vertex 906.570496 682.700989 0.000000
    endloop
  endfacet
  facet normal 0 0 1
    outer loop
      vertex 906.570496 682.700989 0.000000
      vertex 873.429504 705.299011 0.000000
      vertex 871.929504 702.700989 0.000000
    endloop
  endfacet
  facet normal 0 0 1
    outer loop
      vertex 34.000000 787.000000 0.000000
      vertex 46.000000 787.000000 0.000000
      vertex 45.905376 788.504028 0.000000
    endloop
  endfacet
  facet normal 0 0 1
    outer loop
      vertex 34.000000 787.000000 0.000000
      vertex 45.905376 788.504028 0.000000
      vertex 45.622997 789.984253 0.000000
    endloop
  endfacet
  facet normal 0 0 1
    outer loop
      vertex 34.000000 787.000000 0.000000
      vertex 45.622997 789.984253 0.000000
      vertex 45.157318 791.417480 0.000000
    endloop
  endfacet
  facet normal 0 0 1
    outer loop
      vertex 34.000000 787.000000 0.000000
      vertex 45.157318 791.417480 0.000000
      vertex 44.515678 792.781067 0.000000
    endloop
  endfacet
  facet normal 0 0 1
    outer loop
      vertex 34.000000 787.000000 0.000000
      vertex 44.515678 792.781067 0.000000
      vertex 43.708202 794.053406 0.000000
    endloop
  endfacet
  facet normal 0 0 1
    outer loop
      vertex 34.000000 787.000000 0.000000
      vertex 43.708202 794.053406 0.000000
      vertex 42.747623 795.214539 0.000000
    endloop
  endfacet
  facet normal 0 0 1
    outer loop
      vertex 34.000000 787.000000 0.000000
      vertex 42.747623 795.214539 0.000000
      vertex 41.649086 796.246155 0.000000
    endloop
  endfacet
  facet normal 0 0 1
    outer loop
      vertex 34.000000 787.000000 0.000000
      vertex 41.649086 796.246155 0.000000
      vertex 40.429920 797.131958 0.000000
    endloop
  endfacet
  facet normal 0 0 1
    outer loop
      vertex 34.000000 787.000000 0.000000
      vertex 40.429920 797.131958 0.000000
      vertex 39.109352 797.857910 0.000000
    endloop
  endfacet
  facet normal 0 0 1
    outer loop
      vertex 34.000000 787.000000 0.000000
      vertex 39.109352 797.857910 0.000000
      vertex 37.708202 798.412659 0.000000
    endloop
  endfacet
  facet normal 0 0 1
    outer loop
      vertex 34.000000 787.000000 0.000000
      vertex 37.708202 798.412659 0.000000
      vertex 36.248573 798.787476 0.000000
    endloop
  endfacet
  facet normal 0 0 1
    outer loop
      vertex 34.000000 787.000000 0.000000
      vertex 36.248573 798.787476 0.000000
      vertex 34.753483 798.976318 0.000000
    endloop
  endfacet
  facet normal 0 0 1
    outer loop
      vertex 34.000000 787.000000 0.000000
      vertex 34.753483 798.976318 0.000000
      vertex 33.246513 798.976318 0.000000
    endloop
  endfacet
  facet normal 0 0 1
    outer loop
      vertex 34.000000 787.000000 0.000000
      vertex 33.246513 798.976318 0.000000
      vertex 31.751423 798.787476 0.000000
    endloop
  endfacet
  facet normal 0 0 1
    outer loop
      vertex 34.000000 787.000000 0.000000
      vertex 31.751423 798.787476 0.000000
      vertex 30.291796 798.412659 0.000000
    endloop
  endfacet
  facet normal 0 0 1
    outer loop
      vertex 34.000000 787.000000 0.000000
      vertex 30.291796 798.412659 0.000000
      vertex 28.890648 797.857910 0.000000
    endloop
  endfacet
  facet normal 0 0 1
    outer loop
      vertex 34.000000 787.000000 0.000000
      vertex 28.890648 797.857910 0.000000
      vertex 27.570076 797.131958 0.000000
    endloop
  endfacet
  facet normal 0 0 1
    outer loop
      vertex 34.000000 787.000000 0.000000
      vertex 27.570076 797.131958 0.000000
      vertex 26.350910 796.246155 0.000000
    endloop
  endfacet
  facet normal 0 0 1
    outer loop
      vertex 34.000000 787.000000 0.000000
      vertex 26.350910 796.246155 0.000000
      vertex 25.252377 795.214539 0.000000
    endloop
  endfacet
  facet normal 0 0 1
    outer loop
      vertex 34.000000 787.000000 0.000000
      vertex 25.252377 795.214539 0.000000
      vertex 24.291796 794.053406 0.000000
    endloop
  endfacet
  facet normal 0 0 1
    outer loop
      vertex 34.000000 787.000000 0.000000
      vertex 24.291796 794.053406 0.000000
      vertex 23.484320 792.781067 0.000000
    endloop
  endfacet
  facet normal 0 0 1
    outer loop
      vertex 34.000000 787.000000 0.000000
      vertex 23.484320 792.781067 0.000000
      vertex 22.842682 791.417480 0.000000
    endloop
  endfacet
  facet normal 0 0 1
    outer loop
      vertex 34.000000 787.000000 0.000000
      vertex 22.842682 791.417480 0.000000
      vertex 22.377001 789.984253 0.000000
    endloop
  endfacet
  facet normal 0 0 1
    outer loop
      vertex 34.000000 787.000000 0.000000
      vertex 22.377001 789.984253 0.000000
      vertex 22.094624 788.503967 0.000000
    endloop
  endfacet
  facet normal 0 0 1
    outer loop
      vertex 34.000000 787.000000 0.000000
      vertex 22.094624 788.503967 0.000000
      vertex 22.000000 787.000000 0.000000
    endloop
  endfacet
  facet normal 0 0 1
    outer loop
      vertex 34.000000 787.000000 0.000000
      vertex 22.000000 787.000000 0.000000
      vertex 22.094624 785.495972 0.000000
    endloop
  endfacet
  facet normal 0 0 1
    outer loop
      vertex 34.000000 787.000000 0.000000
      vertex 22.094624 785.495972 0.000000
      vertex 22.377003 784.015747 0.000000
    endloop
  endfacet
  facet normal 0 0 1
    outer loop
      vertex 34.000000 787.000000 0.000000
      vertex 22.377003 784.015747 0.000000
      vertex 22.842684 782.582520 0.000000
    endloop
  endfacet
  facet normal 0 0 1
    outer loop
      vertex 34.000000 787.000000 0.000000
      vertex 22.842684 782.582520 0.000000
      vertex 23.484322 781.218933 0.000000
    endloop
  endfacet
  facet normal 0 0 1
    outer loop
      vertex 34.000000 787.000000 0.000000
      vertex 23.484322 781.218933 0.000000
      vertex 24.291798 779.946594 0.000000
    endloop
  endfacet
  facet normal 0 0 1
    outer loop
      vertex 34.000000 787.000000 0.000000
      vertex 24.291798 779.946594 0.000000
      vertex 25.252378 778.785461 0.000000
    endloop
  endfacet
  facet normal 0 0 1
    outer loop
      vertex 34.000000 787.000000 0.000000
      vertex 25.252378 778.785461 0.000000
      vertex 26.350914 777.753845 0.000000
    endloop
  endfacet
  facet normal 0 0 1
    outer loop
      vertex 34.000000 787.000000 0.000000
      vertex 26.350914 777.753845 0.000000
      vertex 27.570082 776.868042 0.000000
    endloop
  endfacet
  facet normal 0 0 1
    outer loop
      vertex 34.000000 787.000000 0.000000
      vertex 27.570082 776.868042 0.000000
      vertex 28.890652 776.142090 0.000000
    endloop
  endfacet
  facet normal 0 0 1
    outer loop
      vertex 34.000000 787.000000 0.000000
      vertex 28.890652 776.142090 0.000000
      vertex 30.291800 775.587341 0.000000
    endloop
  endfacet
  facet normal 0 0 1
    outer loop
      vertex 34.000000 787.000000 0.000000
      vertex 30.291800 775.587341 0.000000
      vertex 31.751429 775.212524 0.000000
    endloop
  endfacet
  facet normal 0 0 1
    outer loop
      vertex 34.000000 787.000000 0.000000
      vertex 31.751429 775.212524 0.000000
      vertex 33.246521 775.023682 0.000000
    endloop
  endfacet
  facet normal 0 0 1
    outer loop
      vertex 34.000000 787.000000 0.000000
      vertex 33.246521 775.023682 0.000000
      vertex 34.753487 775.023682 0.000000
    endloop
  endfacet
  facet normal 0 0 1
    outer loop
      vertex 34.000000 787.000000 0.000000
      vertex 34.753487 775.023682 0.000000
      vertex 36.248577 775.212524 0.000000
    endloop
  endfacet
  facet normal 0 0 1
    outer loop
      vertex 34.000000 787.000000 0.000000
      vertex 36.248577 775.212524 0.000000
      vertex 37.708206 775.587341 0.000000
    endloop
  endfacet
  facet normal 0 0 1
    outer loop
      vertex 34.000000 787.000000 0.000000
      vertex 37.708206 775.587341 0.000000
      vertex 39.109352 776.142090 0.000000
    endloop
  endfacet
  facet normal 0 0 1
    outer loop
      vertex 34.000000 787.000000 0.000000
      vertex 39.109352 776.142090 0.000000
      vertex 40.429924 776.868042 0.000000
    endloop
  endfacet
  facet normal 0 0 1
    outer loop
      vertex 34.000000 787.000000 0.000000
      vertex 40.429924 776.868042 0.000000
      vertex 41.649090 777.753845 0.000000
    endloop
  endfacet
  facet normal 0 0 1
    outer loop
      vertex 34.000000 787.000000 0.000000
      vertex 41.649090 777.753845 0.000000
      vertex 42.747627 778.785461 0.000000
    endloop
  endfacet
  facet normal 0 0 1
    outer loop
      vertex 34.000000 787.000000 0.000000
      vertex 42.747627 778.785461 0.000000
      vertex 43.708206 779.946594 0.000000
    endloop
  endfacet
  facet normal 0 0 1
    outer loop
      vertex 34.000000 787.000000 0.000000
      vertex 43.708206 779.946594 0.000000
      vertex 44.515682 781.218933 0.000000
    endloop
  endfacet
  facet normal 0 0 1
    outer loop
      vertex 34.000000 787.000000 0.000000
      vertex 44.515682 781.218933 0.000000
      vertex 45.157322 782.582520 0.000000
    endloop
  endfacet
  facet normal 0 0 1
    outer loop
      vertex 34.000000 787.000000 0.000000
      vertex 45.157322 782.582520 0.000000
      vertex 45.623001 784.015747 0.000000
    endloop
  endfacet
  facet normal 0 0 1
    outer loop
      vertex 34.000000 787.000000 0.000000
      vertex 45.623001 784.015747 0.000000
      vertex 45.905376 785.496033 0.000000
    endloop
  endfacet
  facet normal 0 0 1
    outer loop
      vertex 34.000000 787.000000 0.000000
      vertex 45.905376 785.496033 0.000000
      vertex 46.000000 787.000000 0.000000
    endloop
  endfacet
  facet normal 0 0 1
    outer loop
      vertex 14.000000 785.500000 0.000000
      vertex 54.000000 785.500000 0.000000
      vertex 14.000000 788.500000 0.000000
    endloop
  endfacet
  facet normal 0 0 1
    outer loop
      vertex 14.000000 788.500000 0.000000
      vertex 54.000000 785.500000 0.000000
      vertex 54.000000 788.500000 0.000000
    endloop
  endfacet
  facet normal 0 0 1
    outer loop
      vertex 17.429493 775.700989 0.000000
      vertex 52.070507 795.700989 0.000000
      vertex 15.929493 778.299011 0.000000
    endloop
  endfacet
  facet normal 0 0 1
    outer loop
      vertex 15.929493 778.299011 0.000000
      vertex 52.070507 795.700989 0.000000
      vertex 50.570507 798.299011 0.000000
    endloop
  endfacet
  facet normal 0 0 1
    outer loop
      vertex 25.299038 768.929504 0.000000
      vertex 45.299038 803.570496 0.000000
      vertex 22.700962 770.429504 0.000000
    endloop
  endfacet
  facet normal 0 0 1
    outer loop
      vertex 22.700962 770.429504 0.000000
      vertex 45.299038 803.570496 0.000000
      vertex 42.700962 805.070496 0.000000
    endloop
  endfacet
  facet normal 0 0 1
    outer loop
      vertex 35.500000 767.000000 0.000000
      vertex 35.500000 807.000000 0.000000
      vertex 32.500000 767.000000 0.000000
    endloop
  endfacet
  facet normal 0 0 1
    outer loop
      vertex 32.500000 767.000000 0.000000
      vertex 35.500000 807.000000 0.000000
      vertex 32.500000 807.000000 0.000000
    endloop
  endfacet
  facet normal 0 0 1
    outer loop
      vertex 45.299038 770.429504 0.000000
      vertex 25.299038 805.070496 0.000000
      vertex 42.700962 768.929504 0.000000
    endloop
  endfacet
  facet normal 0 0 1
    outer loop
      vertex 42.700962 768.929504 0.000000
      vertex 25.299038 805.070496 0.000000
      vertex 22.700962 803.570496 0.000000
    endloop
  endfacet
  facet normal 0 0 1
    outer loop
      vertex 52.070507 778.299011 0.000000
      vertex 17.429493 798.299011 0.000000
      vertex 50.570507 775.700989 0.000000
    endloop
  endfacet
  facet normal 0 0 1
    outer loop
      vertex 50.570507 775.700989 0.000000
      vertex 17.429493 798.299011 0.000000
      vertex 15.929493 795.700989 0.000000
    endloop
  endfacet
  facet normal 0 0 1
    outer loop
      vertex 56.000000 658.000000 0.000000
      vertex 68.000000 658.000000 0.000000
      vertex 67.905373 659.504028 0.000000
    endloop
  endfacet
  facet normal 0 0 1
    outer loop
      vertex 56.000000 658.000000 0.000000
      vertex 67.905373 659.504028 0.000000
      vertex 67.623001 660.984253 0.000000
    endloop
  endfacet
  facet normal 0 0 1
    outer loop
      vertex 56.000000 658.000000 0.000000
      vertex 67.623001 660.984253 0.000000
      vertex 67.157318 662.417480 0.000000
    endloop
  endfacet
  facet normal 0 0 1
    outer loop
      vertex 56.000000 658.000000 0.000000
      vertex 67.157318 662.417480 0.000000
      vertex 66.515678 663.781067 0.000000
    endloop
  endfacet
  facet normal 0 0 1
    outer loop
      vertex 56.000000 658.000000 0.000000
      vertex 66.515678 663.781067 0.000000
      vertex 65.708206 665.053406 0.000000
    endloop
  endfacet
  facet normal 0 0 1
    outer loop
      vertex 56.000000 658.000000 0.000000
      vertex 65.708206 665.053406 0.000000
      vertex 64.747620 666.214539 0.000000
    endloop
  endfacet
  facet normal 0 0 1
    outer loop
      vertex 56.000000 658.000000 0.000000
      vertex 64.747620 666.214539 0.000000
      vertex 63.649086 667.246155 0.000000
    endloop
  endfacet
  facet normal 0 0 1
    outer loop
      vertex 56.000000 658.000000 0.000000
      vertex 63.649086 667.246155 0.000000
      vertex 62.429920 668.131958 0.000000
    endloop
  endfacet
  facet normal 0 0 1
    outer loop
      vertex 56.000000 658.000000 0.000000
      vertex 62.429920 668.131958 0.000000
      vertex 61.109352 668.857910 0.000000
    endloop
  endfacet
  facet normal 0 0 1
    outer loop
      vertex 56.000000 658.000000 0.000000
      vertex 61.109352 668.857910 0.000000
      vertex 59.708202 669.412659 0.000000
    endloop
  endfacet
  facet normal 0 0 1
    outer loop
      vertex 56.000000 658.000000 0.000000
      vertex 59.708202 669.412659 0.000000
      vertex 58.248573 669.787476 0.000000
    endloop
  endfacet
  facet normal 0 0 1
    outer loop
      vertex 56.000000 658.000000 0.000000
      vertex 58.248573 669.787476 0.000000
      vertex 56.753483 669.976318 0.000000
    endloop
  endfacet
  facet normal 0 0 1
    outer loop
      vertex 56.000000 658.000000 0.000000
      vertex 56.753483 669.976318 0.000000
      vertex 55.246513 669.976318 0.000000
    endloop
  endfacet
  facet normal 0 0 1
    outer loop
      vertex 56.000000 658.000000 0.000000
      vertex 55.246513 669.976318 0.000000
      vertex 53.751423 669.787476 0.000000
    endloop
  endfacet
  facet normal 0 0 1
    outer loop
      vertex 56.000000 658.000000 0.000000
      vertex 53.751423 669.787476 0.000000
      vertex 52.291794 669.412659 0.000000
    endloop
  endfacet
  facet normal 0 0 1
    outer loop
      vertex 56.000000 658.000000 0.000000
      vertex 52.291794 669.412659 0.000000
      vertex 50.890648 668.857910 0.000000
    endloop
  endfacet
  facet normal 0 0 1
    outer loop
      vertex 56.000000 658.000000 0.000000
      vertex 50.890648 668.857910 0.000000
      vertex 49.570076 668.131958 0.000000
    endloop
  endfacet
  facet normal 0 0 1
    outer loop
      vertex 56.000000 658.000000 0.000000
      vertex 49.570076 668.131958 0.000000
      vertex 48.350910 667.246155 0.000000
    endloop
  endfacet
  facet normal 0 0 1
    outer loop
      vertex 56.000000 658.000000 0.000000
      vertex 48.350910 667.246155 0.000000
      vertex 47.252377 666.214539 0.000000
    endloop
  endfacet
  facet normal 0 0 1
    outer loop
      vertex 56.000000 658.000000 0.000000
      vertex 47.252377 666.214539 0.000000
      vertex 46.291794 665.053406 0.000000
    endloop
  endfacet
  facet normal 0 0 1
    outer loop
      vertex 56.000000 658.000000 0.000000
      vertex 46.291794 665.053406 0.000000
      vertex 45.484318 663.781067 0.000000
    endloop
  endfacet
  facet normal 0 0 1
    outer loop
      vertex 56.000000 658.000000 0.000000
      vertex 45.484318 663.781067 0.000000
      vertex 44.842682 662.417480 0.000000
    endloop
  endfacet
  facet normal 0 0 1
    outer loop
      vertex 56.000000 658.000000 0.000000
      vertex 44.842682 662.417480 0.000000
      vertex 44.377003 660.984253 0.000000
    endloop
  endfacet
  facet normal 0 0 1
    outer loop
      vertex 56.000000 658.000000 0.000000
      vertex 44.377003 660.984253 0.000000
      vertex 44.094624 659.503967 0.000000
    endloop
  endfacet
  facet normal 0 0 1
    outer loop
      vertex 56.000000 658.000000 0.000000
      vertex 44.094624 659.503967 0.000000
      vertex 44.000000 658.000000 0.000000
    endloop
  endfacet
  facet normal 0 0 1
    outer loop
      vertex 56.000000 658.000000 0.000000
      vertex 44.000000 658.000000 0.000000
      vertex 44.094624 656.495972 0.000000
    endloop
  endfacet
  facet normal 0 0 1
    outer loop
      vertex 56.000000 658.000000 0.000000
      vertex 44.094624 656.495972 0.000000
      vertex 44.377003 655.015747 0.000000
    endloop
  endfacet
  facet normal 0 0 1
    outer loop
      vertex 56.000000 658.000000 0.000000
      vertex 44.377003 655.015747 0.000000
      vertex 44.842682 653.582520 0.000000
    endloop
  endfacet
  facet normal 0 0 1
    outer loop
      vertex 56.000000 658.000000 0.000000
      vertex 44.842682 653.582520 0.000000
      vertex 45.484322 652.218933 0.000000
    endloop
  endfacet
  facet normal 0 0 1
    outer loop
      vertex 56.000000 658.000000 0.000000
      vertex 45.484322 652.218933 0.000000
      vertex 46.291798 650.946594 0.000000
    endloop
  endfacet
  facet normal 0 0 1
    outer loop
      vertex 56.000000 658.000000 0.000000
      vertex 46.291798 650.946594 0.000000
      vertex 47.252377 649.785461 0.000000
    endloop
  endfacet
  facet normal 0 0 1
    outer loop
      vertex 56.000000 658.000000 0.000000
      vertex 47.252377 649.785461 0.000000
      vertex 48.350914 648.753845 0.000000
    endloop
  endfacet
  facet normal 0 0 1
    outer loop
      vertex 56.000000 658.000000 0.000000
      vertex 48.350914 648.753845 0.000000
      vertex 49.570080 647.868042 0.000000
    endloop
  endfacet
  facet normal 0 0 1
    outer loop
      vertex 56.000000 658.000000 0.000000
      vertex 49.570080 647.868042 0.000000
      vertex 50.890652 647.142090 0.000000
    endloop
  endfacet
  facet normal 0 0 1
    outer loop
      vertex 56.000000 658.000000 0.000000
      vertex 50.890652 647.142090 0.000000
      vertex 52.291801 646.587341 0.000000
    endloop
  endfacet
  facet normal 0 0 1
    outer loop
      vertex 56.000000 658.000000 0.000000
      vertex 52.291801 646.587341 0.000000
      vertex 53.751431 646.212524 0.000000
    endloop
  endfacet
  facet normal 0 0 1
    outer loop
      vertex 56.000000 658.000000 0.000000
      vertex 53.751431 646.212524 0.000000
      vertex 55.246521 646.023682 0.000000
    endloop
  endfacet
  facet normal 0 0 1
    outer loop
      vertex 56.000000 658.000000 0.000000
      vertex 55.246521 646.023682 0.000000
      vertex 56.753487 646.023682 0.000000
    endloop
  endfacet
  facet normal 0 0 1
    outer loop
      vertex 56.000000 658.000000 0.000000
      vertex 56.753487 646.023682 0.000000
      vertex 58.248577 646.212524 0.000000
    endloop
  endfacet
  facet normal 0 0 1
    outer loop
      vertex 56.000000 658.000000 0.000000
      vertex 58.248577 646.212524 0.000000
      vertex 59.708206 646.587341 0.000000
    endloop
  endfacet
  facet normal 0 0 1
    outer loop
      vertex 56.000000 658.000000 0.000000
      vertex 59.708206 646.587341 0.000000
      vertex 61.109352 647.142090 0.000000
    endloop
  endfacet
  facet normal 0 0 1
    outer loop
      vertex 56.000000 658.000000 0.000000
      vertex 61.109352 647.142090 0.000000
      vertex 62.429924 647.868042 0.000000
    endloop
  endfacet
  facet normal 0 0 1
    outer loop
      vertex 56.000000 658.000000 0.000000
      vertex 62.429924 647.868042 0.000000
      vertex 63.649090 648.753845 0.000000
    endloop
  endfacet
  facet normal 0 0 1
    outer loop
      vertex 56.000000 658.000000 0.000000
      vertex 63.649090 648.753845 0.000000
      vertex 64.747627 649.785461 0.000000
    endloop
  endfacet
  facet normal 0 0 1
    outer loop
      vertex 56.000000 658.000000 0.000000
      vertex 64.747627 649.785461 0.000000
      vertex 65.708206 650.946594 0.000000
    endloop
  endfacet
  facet normal 0 0 1
    outer loop
      vertex 56.000000 658.000000 0.000000
      vertex 65.708206 650.946594 0.000000
      vertex 66.515686 652.218933 0.000000
    endloop
  endfacet
  facet normal 0 0 1
    outer loop
      vertex 56.000000 658.000000 0.000000
      vertex 66.515686 652.218933 0.000000
      vertex 67.157318 653.582520 0.000000
    endloop
  endfacet
  facet normal 0 0 1
    outer loop
      vertex 56.000000 658.000000 0.000000
      vertex 67.157318 653.582520 0.000000
      vertex 67.623001 655.015747 0.000000
    endloop
  endfacet
  facet normal 0 0 1
    outer loop
      vertex 56.000000 658.000000 0.000000
      vertex 67.623001 655.015747 0.000000
      vertex 67.905380 656.496033 0.000000
    endloop
  endfacet
  facet normal 0 0 1
    outer loop
      vertex 56.000000 658.000000 0.000000
      vertex 67.905380 656.496033 0.000000
      vertex 68.000000 658.000000 0.000000
    endloop
  endfacet
  facet normal 0 0 1
    outer loop
      vertex 36.000000 656.500000 0.000000
      vertex 76.000000 656.500000 0.000000
      vertex 36.000000 659.500000 0.000000
    endloop
  endfacet
  facet normal 0 0 1
    outer loop
      vertex 36.000000 659.500000 0.000000
      vertex 76.000000 656.500000 0.000000
      vertex 76.000000 659.500000 0.000000
    endloop
  endfacet
  facet normal 0 0 1
    outer loop
      vertex 39.429493 646.700989 0.000000
      vertex 74.070511 666.700989 0.000000
      vertex 37.929493 649.299011 0.000000
    endloop
  endfacet
  facet normal 0 0 1
    outer loop
      vertex 37.929493 649.299011 0.000000
      vertex 74.070511 666.700989 0.000000
      vertex 72.570511 669.299011 0.000000
    endloop
  endfacet
  facet normal 0 0 1
    outer loop
      vertex 47.299038 639.929504 0.000000
      vertex 67.299042 674.570496 0.000000
      vertex 44.700962 641.429504 0.000000
    endloop
  endfacet
  facet normal 0 0 1
    outer loop
      vertex 44.700962 641.429504 0.000000
      vertex 67.299042 674.570496 0.000000
      vertex 64.700958 676.070496 0.000000
    endloop
  endfacet
  facet normal 0 0 1
    outer loop
      vertex 57.500000 638.000000 0.000000
      vertex 57.500000 678.000000 0.000000
      vertex 54.500000 638.000000 0.000000
    endloop
  endfacet
  facet normal 0 0 1
    outer loop
      vertex 54.500000 638.000000 0.000000
      vertex 57.500000 678.000000 0.000000
      vertex 54.500000 678.000000 0.000000
    endloop
  endfacet
  facet normal 0 0 1
    outer loop
      vertex 67.299042 641.429504 0.000000
      vertex 47.299038 676.070496 0.000000
      vertex 64.700958 639.929504 0.000000
    endloop
  endfacet
  facet normal 0 0 1
    outer loop
      vertex 64.700958 639.929504 0.000000
      vertex 47.299038 676.070496 0.000000
      vertex 44.700962 674.570496 0.000000
    endloop
  endfacet
  facet normal 0 0 1
    outer loop
      vertex 74.070511 649.299011 0.000000
      vertex 39.429493 669.299011 0.000000
      vertex 72.570511 646.700989 0.000000
    endloop
  endfacet
  facet normal 0 0 1
    outer loop
      vertex 72.570511 646.700989 0.000000
      vertex 39.429493 669.299011 0.000000
      vertex 37.929493 666.700989 0.000000
    endloop
  endfacet
  facet normal 0 0 1
    outer loop
      vertex 348.000000 820.000000 0.000000
      vertex 360.000000 820.000000 0.000000
      vertex 359.905365 821.504028 0.000000
    endloop
  endfacet
  facet normal 0 0 1
    outer loop
      vertex 348.000000 820.000000 0.000000
      vertex 359.905365 821.504028 0.000000
      vertex 359.622986 822.984253 0.000000
    endloop
  endfacet
  facet normal 0 0 1
    outer loop
      vertex 348.000000 820.000000 0.000000
      vertex 359.622986 822.984253 0.000000
      vertex 359.157318 824.417480 0.000000
    endloop
  endfacet
  facet normal 0 0 1
    outer loop
      vertex 348.000000 820.000000 0.000000
      vertex 359.157318 824.417480 0.000000
      vertex 358.515686 825.781067 0.000000
    endloop
  endfacet
  facet normal 0 0 1
    outer loop
      vertex 348.000000 820.000000 0.000000
      vertex 358.515686 825.781067 0.000000
      vertex 357.708191 827.053406 0.000000
    endloop
  endfacet
  facet normal 0 0 1
    outer loop
      vertex 348.000000 820.000000 0.000000
      vertex 357.708191 827.053406 0.000000
      vertex 356.747620 828.214539 0.000000
    endloop
  endfacet
  facet normal 0 0 1
    outer loop
      vertex 348.000000 820.000000 0.000000
      vertex 356.747620 828.214539 0.000000
      vertex 355.649078 829.246155 0.000000
    endloop
  endfacet
  facet normal 0 0 1
    outer loop
      vertex 348.000000 820.000000 0.000000
      vertex 355.649078 829.246155 0.000000
      vertex 354.429932 830.131958 0.000000
    endloop
  endfacet
  facet normal 0 0 1
    outer loop
      vertex 348.000000 820.000000 0.000000
      vertex 354.429932 830.131958 0.000000
      vertex 353.109344 830.857910 0.000000
    endloop
  endfacet
  facet normal 0 0 1
    outer loop
      vertex 348.000000 820.000000 0.000000
      vertex 353.109344 830.857910 0.000000
      vertex 351.708191 831.412659 0.000000
    endloop
  endfacet
  facet normal 0 0 1
    outer loop
      vertex 348.000000 820.000000 0.000000
      vertex 351.708191 831.412659 0.000000
      vertex 350.248566 831.787476 0.000000
    endloop
  endfacet
  facet normal 0 0 1
    outer loop
      vertex 348.000000 820.000000 0.000000
      vertex 350.248566 831.787476 0.000000
      vertex 348.753479 831.976318 0.000000
    endloop
  endfacet
  facet normal 0 0 1
    outer loop
      vertex 348.000000 820.000000 0.000000
      vertex 348.753479 831.976318 0.000000
      vertex 347.246521 831.976318 0.000000
    endloop
  endfacet
  facet normal 0 0 1
    outer loop
      vertex 348.000000 820.000000 0.000000
      vertex 347.246521 831.976318 0.000000
      vertex 345.751434 831.787476 0.000000
    endloop
  endfacet
  facet normal 0 0 1
    outer loop
      vertex 348.000000 820.000000 0.000000
      vertex 345.751434 831.787476 0.000000
      vertex 344.291809 831.412659 0.000000
    endloop
  endfacet
  facet normal 0 0 1
    outer loop
      vertex 348.000000 820.000000 0.000000
      vertex 344.291809 831.412659 0.000000
      vertex 342.890656 830.857910 0.000000
    endloop
  endfacet
  facet normal 0 0 1
    outer loop
      vertex 348.000000 820.000000 0.000000
      vertex 342.890656 830.857910 0.000000
      vertex 341.570068 830.131958 0.000000
    endloop
  endfacet
  facet normal 0 0 1
    outer loop
      vertex 348.000000 820.000000 0.000000
      vertex 341.570068 830.131958 0.000000
      vertex 340.350922 829.246155 0.000000
    endloop
  endfacet
  facet normal 0 0 1
    outer loop
      vertex 348.000000 820.000000 0.000000
      vertex 340.350922 829.246155 0.000000
      vertex 339.252380 828.214539 0.000000
    endloop
  endfacet
  facet normal 0 0 1
    outer loop
      vertex 348.000000 820.000000 0.000000
      vertex 339.252380 828.214539 0.000000
      vertex 338.291809 827.053406 0.000000
    endloop
  endfacet
  facet normal 0 0 1
    outer loop
      vertex 348.000000 820.000000 0.000000
      vertex 338.291809 827.053406 0.000000
      vertex 337.484314 825.781067 0.000000
    endloop
  endfacet
  facet normal 0 0 1
    outer loop
      vertex 348.000000 820.000000 0.000000
      vertex 337.484314 825.781067 0.000000
      vertex 336.842682 824.417480 0.000000
    endloop
  endfacet
  facet normal 0 0 1
    outer loop
      vertex 348.000000 820.000000 0.000000
      vertex 336.842682 824.417480 0.000000
      vertex 336.377014 822.984253 0.000000
    endloop
  endfacet
  facet normal 0 0 1
    outer loop
      vertex 348.000000 820.000000 0.000000
      vertex 336.377014 822.984253 0.000000
      vertex 336.094635 821.503967 0.000000
    endloop
  endfacet
  facet normal 0 0 1
    outer loop
      vertex 348.000000 820.000000 0.000000
      vertex 336.094635 821.503967 0.000000
      vertex 336.000000 820.000000 0.000000
    endloop
  endfacet
  facet normal 0 0 1
    outer loop
      vertex 348.000000 820.000000 0.000000
      vertex 336.000000 820.000000 0.000000
      vertex 336.094635 818.495972 0.000000
    endloop
  endfacet
  facet normal 0 0 1
    outer loop
      vertex 348.000000 820.000000 0.000000
      vertex 336.094635 818.495972 0.000000
      vertex 336.377014 817.015747 0.000000
    endloop
  endfacet
  facet normal 0 0 1
    outer loop
      vertex 348.000000 820.000000 0.000000
      vertex 336.377014 817.015747 0.000000
      vertex 336.842682 815.582520 0.000000
    endloop
  endfacet
  facet normal 0 0 1
    outer loop
      vertex 348.000000 820.000000 0.000000
      vertex 336.842682 815.582520 0.000000
      vertex 337.484314 814.218933 0.000000
    endloop
  endfacet
  facet normal 0 0 1
    outer loop
      vertex 348.000000 820.000000 0.000000
      vertex 337.484314 814.218933 0.000000
      vertex 338.291809 812.946594 0.000000
    endloop
  endfacet
  facet normal 0 0 1
    outer loop
      vertex 348.000000 820.000000 0.000000
      vertex 338.291809 812.946594 0.000000
      vertex 339.252380 811.785461 0.000000
    endloop
  endfacet
  facet normal 0 0 1
    outer loop
      vertex 348.000000 820.000000 0.000000
      vertex 339.252380 811.785461 0.000000
      vertex 340.350922 810.753845 0.000000
    endloop
  endfacet
  facet normal 0 0 1
    outer loop
      vertex 348.000000 820.000000 0.000000
      vertex 340.350922 810.753845 0.000000
      vertex 341.570068 809.868042 0.000000
    endloop
  endfacet
  facet normal 0 0 1
    outer loop
      vertex 348.000000 820.000000 0.000000
      vertex 341.570068 809.868042 0.000000
      vertex 342.890656 809.142090 0.000000
    endloop
  endfacet
  facet normal 0 0 1
    outer loop
      vertex 348.000000 820.000000 0.000000
      vertex 342.890656 809.142090 0.000000
      vertex 344.291809 808.587341 0.000000
    endloop
  endfacet
  facet normal 0 0 1
    outer loop
      vertex 348.000000 820.000000 0.000000
      vertex 344.291809 808.587341 0.000000
      vertex 345.751434 808.212524 0.000000
    endloop
  endfacet
  facet normal 0 0 1
    outer loop
      vertex 348.000000 820.000000 0.000000
      vertex 345.751434 808.212524 0.000000
      vertex 347.246521 808.023682 0.000000
    endloop
  endfacet
  facet normal 0 0 1
    outer loop
      vertex 348.000000 820.000000 0.000000
      vertex 347.246521 808.023682 0.000000
      vertex 348.753479 808.023682 0.000000
    endloop
  endfacet
  facet normal 0 0 1
    outer loop
      vertex 348.000000 820.000000 0.000000
      vertex 348.753479 808.023682 0.000000
      vertex 350.248566 808.212524 0.000000
    endloop
  endfacet
  facet normal 0 0 1
    outer loop
      vertex 348.000000 820.000000 0.000000
      vertex 350.248566 808.212524 0.000000
      vertex 351.708191 808.587341 0.000000
    endloop
  endfacet
  facet normal 0 0 1
    outer loop
      vertex 348.000000 820.000000 0.000000
      vertex 351.708191 808.587341 0.000000
      vertex 353.109344 809.142090 0.000000
    endloop
  endfacet
  facet normal 0 0 1
    outer loop
      vertex 348.000000 820.000000 0.000000
      vertex 353.109344 809.142090 0.000000
      vertex 354.429932 809.868042 0.000000
    endloop
  endfacet
  facet normal 0 0 1
    outer loop
      vertex 348.000000 820.000000 0.000000
      vertex 354.429932 809.868042 0.000000
      vertex 355.649078 810.753845 0.000000
    endloop
  endfacet
  facet normal 0 0 1
    outer loop
      vertex 348.000000 820.000000 0.000000
      vertex 355.649078 810.753845 0.000000
      vertex 356.747620 811.785461 0.000000
    endloop
  endfacet
  facet normal 0 0 1
    outer loop
      vertex 348.000000 820.000000 0.000000
      vertex 356.747620 811.785461 0.000000
      vertex 357.708221 812.946594 0.000000
    endloop
  endfacet
  facet normal 0 0 1
    outer loop
      vertex 348.000000 820.000000 0.000000
      vertex 357.708221 812.946594 0.000000
      vertex 358.515686 814.218933 0.000000
    endloop
  endfacet
  facet normal 0 0 1
    outer loop
      vertex 348.000000 820.000000 0.000000
      vertex 358.515686 814.218933 0.000000
      vertex 359.157318 815.582520 0.000000
    endloop
  endfacet
  facet normal 0 0 1
    outer loop
      vertex 348.000000 820.000000 0.000000
      vertex 359.157318 815.582520 0.000000
      vertex 359.622986 817.015747 0.000000
    endloop
  endfacet
  facet normal 0 0 1
    outer loop
      vertex 348.000000 820.000000 0.000000
      vertex 359.622986 817.015747 0.000000
      vertex 359.905365 818.496033 0.000000
    endloop
  endfacet
  facet normal 0 0 1
    outer loop
      vertex 348.000000 820.000000 0.000000
      vertex 359.905365 818.496033 0.000000
      vertex 360.000000 820.000000 0.000000
    endloop
  endfacet
  facet normal 0 0 1
    outer loop
      vertex 328.000000 818.500000 0.000000
      vertex 368.000000 818.500000 0.000000
      vertex 328.000000 821.500000 0.000000
    endloop
  endfacet
  facet normal 0 0 1
    outer loop
      vertex 328.000000 821.500000 0.000000
      vertex 368.000000 818.500000 0.000000
      vertex 368.000000 821.500000 0.000000
    endloop
  endfacet
  facet normal 0 0 1
    outer loop
      vertex 331.429504 808.700989 0.000000
      vertex 366.070496 828.700989 0.000000
      vertex 329.929504 811.299011 0.000000
    endloop
  endfacet
  facet normal 0 0 1
    outer loop
      vertex 329.929504 811.299011 0.000000
      vertex 366.070496 828.700989 0.000000
      vertex 364.570496 831.299011 0.000000
    endloop
  endfacet
  facet normal 0 0 1
    outer loop
      vertex 339.299042 801.929504 0.000000
      vertex 359.299042 836.570496 0.000000
      vertex 336.700958 803.429504 0.000000
    endloop
  endfacet
  facet normal 0 0 1
    outer loop
      vertex 336.700958 803.429504 0.000000
      vertex 359.299042 836.570496 0.000000
      vertex 356.700958 838.070496 0.000000
    endloop
  endfacet
  facet normal 0 0 1
    outer loop
      vertex 349.500000 800.000000 0.000000
      vertex 349.500000 840.000000 0.000000
      vertex 346.500000 800.000000 0.000000
    endloop
  endfacet
  facet normal 0 0 1
    outer loop
      vertex 346.500000 800.000000 0.000000
      vertex 349.500000 840.000000 0.000000
      vertex 346.500000 840.000000 0.000000
    endloop
  endfacet
  facet normal 0 0 1
    outer loop
      vertex 359.299042 803.429504 0.000000
      vertex 339.299042 838.070496 0.000000
      vertex 356.700958 801.929504 0.000000
    endloop
  endfacet
  facet normal 0 0 1
    outer loop
      vertex 356.700958 801.929504 0.000000
      vertex 339.299042 838.070496 0.000000
      vertex 336.700958 836.570496 0.000000
    endloop
  endfacet
  facet normal 0 0 1
    outer loop
      vertex 366.070496 811.299011 0.000000
      vertex 331.429504 831.299011 0.000000
      vertex 364.570496 808.700989 0.000000
    endloop
  endfacet
  facet normal 0 0 1
    outer loop
      vertex 364.570496 808.700989 0.000000
      vertex 331.429504 831.299011 0.000000
      vertex 329.929504 828.700989 0.000000
    endloop
  endfacet
  facet normal 0 0 1
    outer loop
      vertex 993.000000 800.000000 0.000000
      vertex 1005.000000 800.000000 0.000000
      vertex 1004.905396 801.504028 0.000000
    endloop
  endfacet
  facet normal 0 0 1
    outer loop
      vertex 993.000000 800.000000 0.000000
      vertex 1004.905396 801.504028 0.000000
      vertex 1004.622986 802.984253 0.000000
    endloop
  endfacet
  facet normal 0 0 1
    outer loop
      vertex 993.000000 800.000000 0.000000
      vertex 1004.622986 802.984253 0.000000
      vertex 1004.157288 804.417480 0.000000
    endloop
  endfacet
  facet normal 0 0 1
    outer loop
      vertex 993.000000 800.000000 0.000000
      vertex 1004.157288 804.417480 0.000000
      vertex 1003.515686 805.781067 0.000000
    endloop
  endfacet
  facet normal 0 0 1
    outer loop
      vertex 993.000000 800.000000 0.000000
      vertex 1003.515686 805.781067 0.000000
      vertex 1002.708191 807.053406 0.000000
    endloop
  endfacet
  facet normal 0 0 1
    outer loop
      vertex 993.000000 800.000000 0.000000
      vertex 1002.708191 807.053406 0.000000
      vertex 1001.747620 808.214539 0.000000
    endloop
  endfacet
  facet normal 0 0 1
    outer loop
      vertex 993.000000 800.000000 0.000000
      vertex 1001.747620 808.214539 0.000000
      vertex 1000.649109 809.246155 0.000000
    endloop
  endfacet
  facet normal 0 0 1
    outer loop
      vertex 993.000000 800.000000 0.000000
      vertex 1000.649109 809.246155 0.000000
      vertex 999.429932 810.131958 0.000000
    endloop
  endfacet
  facet normal 0 0 1
    outer loop
      vertex 993.000000 800.000000 0.000000
      vertex 999.429932 810.131958 0.000000
      vertex 998.109375 810.857910 0.000000
    endloop
  endfacet
  facet normal 0 0 1
    outer loop
      vertex 993.000000 800.000000 0.000000
      vertex 998.109375 810.857910 0.000000
      vertex 996.708191 811.412659 0.000000
    endloop
  endfacet
  facet normal 0 0 1
    outer loop
      vertex 993.000000 800.000000 0.000000
      vertex 996.708191 811.412659 0.000000
      vertex 995.248596 811.787476 0.000000
    endloop
  endfacet
  facet normal 0 0 1
    outer loop
      vertex 993.000000 800.000000 0.000000
      vertex 995.248596 811.787476 0.000000
      vertex 993.753479 811.976318 0.000000
    endloop
  endfacet
  facet normal 0 0 1
    outer loop
      vertex 993.000000 800.000000 0.000000
      vertex 993.753479 811.976318 0.000000
      vertex 992.246521 811.976318 0.000000
    endloop
  endfacet
  facet normal 0 0 1
    outer loop
      vertex 993.000000 800.000000 0.000000
      vertex 992.246521 811.976318 0.000000
      vertex 990.751404 811.787476 0.000000
    endloop
  endfacet
  facet normal 0 0 1
    outer loop
      vertex 993.000000 800.000000 0.000000
      vertex 990.751404 811.787476 0.000000
      vertex 989.291809 811.412659 0.000000
    endloop
  endfacet
  facet normal 0 0 1
    outer loop
      vertex 993.000000 800.000000 0.000000
      vertex 989.291809 811.412659 0.000000
      vertex 987.890625 810.857910 0.000000
    endloop
  endfacet
  facet normal 0 0 1
    outer loop
      vertex 993.000000 800.000000 0.000000
      vertex 987.890625 810.857910 0.000000
      vertex 986.570068 810.131958 0.000000
    endloop
  endfacet
  facet normal 0 0 1
    outer loop
      vertex 993.000000 800.000000 0.000000
      vertex 986.570068 810.131958 0.000000
      vertex 985.350891 809.246155 0.000000
    endloop
  endfacet
  facet normal 0 0 1
    outer loop
      vertex 993.000000 800.000000 0.000000
      vertex 985.350891 809.246155 0.000000
      vertex 984.252380 808.214539 0.000000
    endloop
  endfacet
  facet normal 0 0 1
    outer loop
      vertex 993.000000 800.000000 0.000000
      vertex 984.252380 808.214539 0.000000
      vertex 983.291809 807.053406 0.000000
    endloop
  endfacet
  facet normal 0 0 1
    outer loop
      vertex 993.000000 800.000000 0.000000
      vertex 983.291809 807.053406 0.000000
      vertex 982.484314 805.781067 0.000000
    endloop
  endfacet
  facet normal 0 0 1
    outer loop
      vertex 993.000000 800.000000 0.000000
      vertex 982.484314 805.781067 0.000000
      vertex 981.842651 804.417480 0.000000
    endloop
  endfacet
  facet normal 0 0 1
    outer loop
      vertex 993.000000 800.000000 0.000000
      vertex 981.842651 804.417480 0.000000
      vertex 981.377014 802.984253 0.000000
    endloop
  endfacet
  facet normal 0 0 1
    outer loop
      vertex 993.000000 800.000000 0.000000
      vertex 981.377014 802.984253 0.000000
      vertex 981.094604 801.503967 0.000000
    endloop
  endfacet
  facet normal 0 0 1
    outer loop
      vertex 993.000000 800.000000 0.000000
      vertex 981.094604 801.503967 0.000000
      vertex 981.000000 800.000000 0.000000
    endloop
  endfacet
  facet normal 0 0 1
    outer loop
      vertex 993.000000 800.000000 0.000000
      vertex 981.000000 800.000000 0.000000
      vertex 981.094604 798.495972 0.000000
    endloop
  endfacet
  facet normal 0 0 1
    outer loop
      vertex 993.000000 800.000000 0.000000
      vertex 981.094604 798.495972 0.000000
      vertex 981.377014 797.015747 0.000000
    endloop
  endfacet
  facet normal 0 0 1
    outer loop
      vertex 993.000000 800.000000 0.000000
      vertex 981.377014 797.015747 0.000000
      vertex 981.842712 795.582520 0.000000
    endloop
  endfacet
  facet normal 0 0 1
    outer loop
      vertex 993.000000 800.000000 0.000000
      vertex 981.842712 795.582520 0.000000
      vertex 982.484314 794.218933 0.000000
    endloop
  endfacet
  facet normal 0 0 1
    outer loop
      vertex 993.000000 800.000000 0.000000
      vertex 982.484314 794.218933 0.000000
      vertex 983.291809 792.946594 0.000000
    endloop
  endfacet
  facet normal 0 0 1
    outer loop
      vertex 993.000000 800.000000 0.000000
      vertex 983.291809 792.946594 0.000000
      vertex 984.252380 791.785461 0.000000
    endloop
  endfacet
  facet normal 0 0 1
    outer loop
      vertex 993.000000 800.000000 0.000000
      vertex 984.252380 791.785461 0.000000
      vertex 985.350891 790.753845 0.000000
    endloop
  endfacet
  facet normal 0 0 1
    outer loop
      vertex 993.000000 800.000000 0.000000
      vertex 985.350891 790.753845 0.000000
      vertex 986.570068 789.868042 0.000000
    endloop
  endfacet
  facet normal 0 0 1
    outer loop
      vertex 993.000000 800.000000 0.000000
      vertex 986.570068 789.868042 0.000000
      vertex 987.890625 789.142090 0.000000
    endloop
  endfacet
  facet normal 0 0 1
    outer loop
      vertex 993.000000 800.000000 0.000000
      vertex 987.890625 789.142090 0.000000
      vertex 989.291809 788.587341 0.000000
    endloop
  endfacet
  facet normal 0 0 1
    outer loop
      vertex 993.000000 800.000000 0.000000
      vertex 989.291809 788.587341 0.000000
      vertex 990.751404 788.212524 0.000000
    endloop
  endfacet
  facet normal 0 0 1
    outer loop
      vertex 993.000000 800.000000 0.000000
      vertex 990.751404 788.212524 0.000000
      vertex 992.246521 788.023682 0.000000
    endloop
  endfacet
  facet normal 0 0 1
    outer loop
      vertex 993.000000 800.000000 0.000000
      vertex 992.246521 788.023682 0.000000
      vertex 993.753479 788.023682 0.000000
    endloop
  endfacet
  facet normal 0 0 1
    outer loop
      vertex 993.000000 800.000000 0.000000
      vertex 993.753479 788.023682 0.000000
      vertex 995.248596 788.212524 0.000000
    endloop
  endfacet
  facet normal 0 0 1
    outer loop
      vertex 993.000000 800.000000 0.000000
      vertex 995.248596 788.212524 0.000000
      vertex 996.708191 788.587341 0.000000
    endloop
  endfacet
  facet normal 0 0 1
    outer loop
      vertex 993.000000 800.000000 0.000000
      vertex 996.708191 788.587341 0.000000
      vertex 998.109375 789.142090 0.000000
    endloop
  endfacet
  facet normal 0 0 1
    outer loop
      vertex 993.000000 800.000000 0.000000
      vertex 998.109375 789.142090 0.000000
      vertex 999.429932 789.868042 0.000000
    endloop
  endfacet
  facet normal 0 0 1
    outer loop
      vertex 993.000000 800.000000 0.000000
      vertex 999.429932 789.868042 0.000000
      vertex 1000.649109 790.753845 0.000000
    endloop
  endfacet
  facet normal 0 0 1
    outer loop
      vertex 993.000000 800.000000 0.000000
      vertex 1000.649109 790.753845 0.000000
      vertex 1001.747620 791.785461 0.000000
    endloop
  endfacet
  facet normal 0 0 1
    outer loop
      vertex 993.000000 800.000000 0.000000
      vertex 1001.747620 791.785461 0.000000
      vertex 1002.708191 792.946594 0.000000
    endloop
  endfacet
  facet normal 0 0 1
    outer loop
      vertex 993.000000 800.000000 0.000000
      vertex 1002.708191 792.946594 0.000000
      vertex 1003.515686 794.218933 0.000000
    endloop
  endfacet
  facet normal 0 0 1
    outer loop
      vertex 993.000000 800.000000 0.000000
      vertex 1003.515686 794.218933 0.000000
      vertex 1004.157349 795.582520 0.000000
    endloop
  endfacet
  facet normal 0 0 1
    outer loop
      vertex 993.000000 800.000000 0.000000
      vertex 1004.157349 795.582520 0.000000
      vertex 1004.622986 797.015747 0.000000
    endloop
  endfacet
  facet normal 0 0 1
    outer loop
      vertex 993.000000 800.000000 0.000000
      vertex 1004.622986 797.015747 0.000000
      vertex 1004.905396 798.496033 0.000000
    endloop
  endfacet
  facet normal 0 0 1
    outer loop
      vertex 993.000000 800.000000 0.000000
      vertex 1004.905396 798.496033 0.000000
      vertex 1005.000000 800.000000 0.000000
    endloop
  endfacet
  facet normal 0 0 1
    outer loop
      vertex 973.000000 798.500000 0.000000
      vertex 1013.000000 798.500000 0.000000
      vertex 973.000000 801.500000 0.000000
    endloop
  endfacet
  facet normal 0 0 1
    outer loop
      vertex 973.000000 801.500000 0.000000
      vertex 1013.000000 798.500000 0.000000
      vertex 1013.000000 801.500000 0.000000
    endloop
  endfacet
  facet normal 0 0 1
    outer loop
      vertex 976.429504 788.700989 0.000000
      vertex 1011.070496 808.700989 0.000000
      vertex 974.929504 791.299011 0.000000
    endloop
  endfacet
  facet normal 0 0 1
    outer loop
      vertex 974.929504 791.299011 0.000000
      vertex 1011.070496 808.700989 0.000000
      vertex 1009.570496 811.299011 0.000000
    endloop
  endfacet
  facet normal 0 0 1
    outer loop
      vertex 984.299011 781.929504 0.000000
      vertex 1004.299011 816.570496 0.000000
      vertex 981.700989 783.429504 0.000000
    endloop
  endfacet
  facet normal 0 0 1
    outer loop
      vertex 981.700989 783.429504 0.000000
      vertex 1004.299011 816.570496 0.000000
      vertex 1001.700989 818.070496 0.000000
    endloop
  endfacet
  facet normal 0 0 1
    outer loop
      vertex 994.500000 780.000000 0.000000
      vertex 994.500000 820.000000 0.000000
      vertex 991.500000 780.000000 0.000000
    endloop
  endfacet
  facet normal 0 0 1
    outer loop
      vertex 991.500000 780.000000 0.000000
      vertex 994.500000 820.000000 0.000000
      vertex 991.500000 820.000000 0.000000
    endloop
  endfacet
  facet normal 0 0 1
    outer loop
      vertex 1004.299011 783.429504 0.000000
      vertex 984.299011 818.070496 0.000000
      vertex 1001.700989 781.929504 0.000000
    endloop
  endfacet
  facet normal 0 0 1
    outer loop
      vertex 1001.700989 781.929504 0.000000
      vertex 984.299011 818.070496 0.000000
      vertex 981.700989 816.570496 0.000000
    endloop
  endfacet
  facet normal 0 0 1
    outer loop
      vertex 1011.070496 791.299011 0.000000
      vertex 976.429504 811.299011 0.000000
      vertex 1009.570496 788.700989 0.000000
    endloop
  endfacet
  facet normal 0 0 1
    outer loop
      vertex 1009.570496 788.700989 0.000000
      vertex 976.429504 811.299011 0.000000
      vertex 974.929504 808.700989 0.000000
    endloop
  endfacet
  facet normal 0 0 1
    outer loop
      vertex 874.000000 726.000000 0.000000
      vertex 886.000000 726.000000 0.000000
      vertex 885.905396 727.504028 0.000000
    endloop
  endfacet
  facet normal 0 0 1
    outer loop
      vertex 874.000000 726.000000 0.000000
      vertex 885.905396 727.504028 0.000000
      vertex 885.622986 728.984253 0.000000
    endloop
  endfacet
  facet normal 0 0 1
    outer loop
      vertex 874.000000 726.000000 0.000000
      vertex 885.622986 728.984253 0.000000
      vertex 885.157288 730.417480 0.000000
    endloop
  endfacet
  facet normal 0 0 1
    outer loop
      vertex 874.000000 726.000000 0.000000
      vertex 885.157288 730.417480 0.000000
      vertex 884.515686 731.781067 0.000000
    endloop
  endfacet
  facet normal 0 0 1
    outer loop
      vertex 874.000000 726.000000 0.000000
      vertex 884.515686 731.781067 0.000000
      vertex 883.708191 733.053406 0.000000
    endloop
  endfacet
  facet normal 0 0 1
    outer loop
      vertex 874.000000 726.000000 0.000000
      vertex 883.708191 733.053406 0.000000
      vertex 882.747620 734.214539 0.000000
    endloop
  endfacet
  facet normal 0 0 1
    outer loop
      vertex 874.000000 726.000000 0.000000
      vertex 882.747620 734.214539 0.000000
      vertex 881.649109 735.246155 0.000000
    endloop
  endfacet
  facet normal 0 0 1
    outer loop
      vertex 874.000000 726.000000 0.000000
      vertex 881.649109 735.246155 0.000000
      vertex 880.429932 736.131958 0.000000
    endloop
  endfacet
  facet normal 0 0 1
    outer loop
      vertex 874.000000 726.000000 0.000000
      vertex 880.429932 736.131958 0.000000
      vertex 879.109375 736.857910 0.000000
    endloop
  endfacet
  facet normal 0 0 1
    outer loop
      vertex 874.000000 726.000000 0.000000
      vertex 879.109375 736.857910 0.000000
      vertex 877.708191 737.412659 0.000000
    endloop
  endfacet
  facet normal 0 0 1
    outer loop
      vertex 874.000000 726.000000 0.000000
      vertex 877.708191 737.412659 0.000000
      vertex 876.248596 737.787476 0.000000
    endloop
  endfacet
  facet normal 0 0 1
    outer loop
      vertex 874.000000 726.000000 0.000000
      vertex 876.248596 737.787476 0.000000
      vertex 874.753479 737.976318 0.000000
    endloop
  endfacet
  facet normal 0 0 1
    outer loop
      vertex 874.000000 726.000000 0.000000
      vertex 874.753479 737.976318 0.000000
      vertex 873.246521 737.976318 0.000000
    endloop
  endfacet
  facet normal 0 0 1
    outer loop
      vertex 874.000000 726.000000 0.000000
      vertex 873.246521 737.976318 0.000000
      vertex 871.751404 737.787476 0.000000
    endloop
  endfacet
  facet normal 0 0 1
    outer loop
      vertex 874.000000 726.000000 0.000000
      vertex 871.751404 737.787476 0.000000
      vertex 870.291809 737.412659 0.000000
    endloop
  endfacet
  facet normal 0 0 1
    outer loop
      vertex 874.000000 726.000000 0.000000
      vertex 870.291809 737.412659 0.000000
      vertex 868.890625 736.857910 0.000000
    endloop
  endfacet
  facet normal 0 0 1
    outer loop
      vertex 874.000000 726.000000 0.000000
      vertex 868.890625 736.857910 0.000000
      vertex 867.570068 736.131958 0.000000
    endloop
  endfacet
  facet normal 0 0 1
    outer loop
      vertex 874.000000 726.000000 0.000000
      vertex 867.570068 736.131958 0.000000
      vertex 866.350891 735.246155 0.000000
    endloop
  endfacet
  facet normal 0 0 1
    outer loop
      vertex 874.000000 726.000000 0.000000
      vertex 866.350891 735.246155 0.000000
      vertex 865.252380 734.214539 0.000000
    endloop
  endfacet
  facet normal 0 0 1
    outer loop
      vertex 874.000000 726.000000 0.000000
      vertex 865.252380 734.214539 0.000000
      vertex 864.291809 733.053406 0.000000
    endloop
  endfacet
  facet normal 0 0 1
    outer loop
      vertex 874.000000 726.000000 0.000000
      vertex 864.291809 733.053406 0.000000
      vertex 863.484314 731.781067 0.000000
    endloop
  endfacet
  facet normal 0 0 1
    outer loop
      vertex 874.000000 726.000000 0.000000
      vertex 863.484314 731.781067 0.000000
      vertex 862.842651 730.417480 0.000000
    endloop
  endfacet
  facet normal 0 0 1
    outer loop
      vertex 874.000000 726.000000 0.000000
      vertex 862.842651 730.417480 0.000000
      vertex 862.377014 728.984253 0.000000
    endloop
  endfacet
  facet normal 0 0 1
    outer loop
      vertex 874.000000 726.000000 0.000000
      vertex 862.377014 728.984253 0.000000
      vertex 862.094604 727.503967 0.000000
    endloop
  endfacet
  facet normal 0 0 1
    outer loop
      vertex 874.000000 726.000000 0.000000
      vertex 862.094604 727.503967 0.000000
      vertex 862.000000 726.000000 0.000000
    endloop
  endfacet
  facet normal 0 0 1
    outer loop
      vertex 874.000000 726.000000 0.000000
      vertex 862.000000 726.000000 0.000000
      vertex 862.094604 724.495972 0.000000
    endloop
  endfacet
  facet normal 0 0 1
    outer loop
      vertex 874.000000 726.000000 0.000000
      vertex 862.094604 724.495972 0.000000
      vertex 862.377014 723.015747 0.000000
    endloop
  endfacet
  facet normal 0 0 1
    outer loop
      vertex 874.000000 726.000000 0.000000
      vertex 862.377014 723.015747 0.000000
      vertex 862.842712 721.582520 0.000000
    endloop
  endfacet
  facet normal 0 0 1
    outer loop
      vertex 874.000000 726.000000 0.000000
      vertex 862.842712 721.582520 0.000000
      vertex 863.484314 720.218933 0.000000
    endloop
  endfacet
  facet normal 0 0 1
    outer loop
      vertex 874.000000 726.000000 0.000000
      vertex 863.484314 720.218933 0.000000
      vertex 864.291809 718.946594 0.000000
    endloop
  endfacet
  facet normal 0 0 1
    outer loop
      vertex 874.000000 726.000000 0.000000
      vertex 864.291809 718.946594 0.000000
      vertex 865.252380 717.785461 0.000000
    endloop
  endfacet
  facet normal 0 0 1
    outer loop
      vertex 874.000000 726.000000 0.000000
      vertex 865.252380 717.785461 0.000000
      vertex 866.350891 716.753845 0.000000
    endloop
  endfacet
  facet normal 0 0 1
    outer loop
      vertex 874.000000 726.000000 0.000000
      vertex 866.350891 716.753845 0.000000
      vertex 867.570068 715.868042 0.000000
    endloop
  endfacet
  facet normal 0 0 1
    outer loop
      vertex 874.000000 726.000000 0.000000
      vertex 867.570068 715.868042 0.000000
      vertex 868.890625 715.142090 0.000000
    endloop
  endfacet
  facet normal 0 0 1
    outer loop
      vertex 874.000000 726.000000 0.000000
      vertex 868.890625 715.142090 0.000000
      vertex 870.291809 714.587341 0.000000
    endloop
  endfacet
  facet normal 0 0 1
    outer loop
      vertex 874.000000 726.000000 0.000000
      vertex 870.291809 714.587341 0.000000
      vertex 871.751404 714.212524 0.000000
    endloop
  endfacet
  facet normal 0 0 1
    outer loop
      vertex 874.000000 726.000000 0.000000
      vertex 871.751404 714.212524 0.000000
      vertex 873.246521 714.023682 0.000000
    endloop
  endfacet
  facet normal 0 0 1
    outer loop
      vertex 874.000000 726.000000 0.000000
      vertex 873.246521 714.023682 0.000000
      vertex 874.753479 714.023682 0.000000
    endloop
  endfacet
  facet normal 0 0 1
    outer loop
      vertex 874.000000 726.000000 0.000000
      vertex 874.753479 714.023682 0.000000
      vertex 876.248596 714.212524 0.000000
    endloop
  endfacet
  facet normal 0 0 1
    outer loop
      vertex 874.000000 726.000000 0.000000
      vertex 876.248596 714.212524 0.000000
      vertex 877.708191 714.587341 0.000000
    endloop
  endfacet
  facet normal 0 0 1
    outer loop
      vertex 874.000000 726.000000 0.000000
      vertex 877.708191 714.587341 0.000000
      vertex 879.109375 715.142090 0.000000
    endloop
  endfacet
  facet normal 0 0 1
    outer loop
      vertex 874.000000 726.000000 0.000000
      vertex 879.109375 715.142090 0.000000
      vertex 880.429932 715.868042 0.000000
    endloop
  endfacet
  facet normal 0 0 1
    outer loop
      vertex 874.000000 726.000000 0.000000
      vertex 880.429932 715.868042 0.000000
      vertex 881.649109 716.753845 0.000000
    endloop
  endfacet
  facet normal 0 0 1
    outer loop
      vertex 874.000000 726.000000 0.000000
      vertex 881.649109 716.753845 0.000000
      vertex 882.747620 717.785461 0.000000
    endloop
  endfacet
  facet normal 0 0 1
    outer loop
      vertex 874.000000 726.000000 0.000000
      vertex 882.747620 717.785461 0.000000
      vertex 883.708191 718.946594 0.000000
    endloop
  endfacet
  facet normal 0 0 1
    outer loop
      vertex 874.000000 726.000000 0.000000
      vertex 883.708191 718.946594 0.000000
      vertex 884.515686 720.218933 0.000000
    endloop
  endfacet
  facet normal 0 0 1
    outer loop
      vertex 874.000000 726.000000 0.000000
      vertex 884.515686 720.218933 0.000000
      vertex 885.157349 721.582520 0.000000
    endloop
  endfacet
  facet normal 0 0 1
    outer loop
      vertex 874.000000 726.000000 0.000000
      vertex 885.157349 721.582520 0.000000
      vertex 885.622986 723.015747 0.000000
    endloop
  endfacet
  facet normal 0 0 1
    outer loop
      vertex 874.000000 726.000000 0.000000
      vertex 885.622986 723.015747 0.000000
      vertex 885.905396 724.496033 0.000000
    endloop
  endfacet
  facet normal 0 0 1
    outer loop
      vertex 874.000000 726.000000 0.000000
      vertex 885.905396 724.496033 0.000000
      vertex 886.000000 726.000000 0.000000
    endloop
  endfacet
  facet normal 0 0 1
    outer loop
      vertex 854.000000 724.500000 0.000000
      vertex 894.000000 724.500000 0.000000
      vertex 854.000000 727.500000 0.000000
    endloop
  endfacet
  facet normal 0 0 1
    outer loop
      vertex 854.000000 727.500000 0.000000
      vertex 894.000000 724.500000 0.000000
      vertex 894.000000 727.500000 0.000000
    endloop
  endfacet
  facet normal 0 0 1
    outer loop
      vertex 857.429504 714.700989 0.000000
      vertex 892.070496 734.700989 0.000000
      vertex 855.929504 717.299011 0.000000
    endloop
  endfacet
  facet normal 0 0 1
    outer loop
      vertex 855.929504 717.299011 0.000000
      vertex 892.070496 734.700989 0.000000
      vertex 890.570496 737.299011 0.000000
    endloop
  endfacet
  facet normal 0 0 1
    outer loop
      vertex 865.299011 707.929504 0.000000
      vertex 885.299011 742.570496 0.000000
      vertex 862.700989 709.429504 0.000000
    endloop
  endfacet
  facet normal 0 0 1
    outer loop
      vertex 862.700989 709.429504 0.000000
      vertex 885.299011 742.570496 0.000000
      vertex 882.700989 744.070496 0.000000
    endloop
  endfacet
  facet normal 0 0 1
    outer loop
      vertex 875.500000 706.000000 0.000000
      vertex 875.500000 746.000000 0.000000
      vertex 872.500000 706.000000 0.000000
    endloop
  endfacet
  facet normal 0 0 1
    outer loop
      vertex 872.500000 706.000000 0.000000
      vertex 875.500000 746.000000 0.000000
      vertex 872.500000 746.000000 0.000000
    endloop
  endfacet
  facet normal 0 0 1
    outer loop
      vertex 885.299011 709.429504 0.000000
      vertex 865.299011 744.070496 0.000000
      vertex 882.700989 707.929504 0.000000
    endloop
  endfacet
  facet normal 0 0 1
    outer loop
      vertex 882.700989 707.929504 0.000000
      vertex 865.299011 744.070496 0.000000
      vertex 862.700989 742.570496 0.000000
    endloop
  endfacet
  facet normal 0 0 1
    outer loop
      vertex 892.070496 717.299011 0.000000
      vertex 857.429504 737.299011 0.000000
      vertex 890.570496 714.700989 0.000000
    endloop
  endfacet
  facet normal 0 0 1
    outer loop
      vertex 890.570496 714.700989 0.000000
      vertex 857.429504 737.299011 0.000000
      vertex 855.929504 734.700989 0.000000
    endloop
  endfacet
  facet normal 0 0 1
    outer loop
      vertex 146.000000 802.000000 0.000000
      vertex 158.000000 802.000000 0.000000
      vertex 157.905380 803.504028 0.000000
    endloop
  endfacet
  facet normal 0 0 1
    outer loop
      vertex 146.000000 802.000000 0.000000
      vertex 157.905380 803.504028 0.000000
      vertex 157.623001 804.984253 0.000000
    endloop
  endfacet
  facet normal 0 0 1
    outer loop
      vertex 146.000000 802.000000 0.000000
      vertex 157.623001 804.984253 0.000000
      vertex 157.157318 806.417480 0.000000
    endloop
  endfacet
  facet normal 0 0 1
    outer loop
      vertex 146.000000 802.000000 0.000000
      vertex 157.157318 806.417480 0.000000
      vertex 156.515686 807.781067 0.000000
    endloop
  endfacet
  facet normal 0 0 1
    outer loop
      vertex 146.000000 802.000000 0.000000
      vertex 156.515686 807.781067 0.000000
      vertex 155.708206 809.053406 0.000000
    endloop
  endfacet
  facet normal 0 0 1
    outer loop
      vertex 146.000000 802.000000 0.000000
      vertex 155.708206 809.053406 0.000000
      vertex 154.747620 810.214539 0.000000
    endloop
  endfacet
  facet normal 0 0 1
    outer loop
      vertex 146.000000 802.000000 0.000000
      vertex 154.747620 810.214539 0.000000
      vertex 153.649094 811.246155 0.000000
    endloop
  endfacet
  facet normal 0 0 1
    outer loop
      vertex 146.000000 802.000000 0.000000
      vertex 153.649094 811.246155 0.000000
      vertex 152.429916 812.131958 0.000000
    endloop
  endfacet
  facet normal 0 0 1
    outer loop
      vertex 146.000000 802.000000 0.000000
      vertex 152.429916 812.131958 0.000000
      vertex 151.109344 812.857910 0.000000
    endloop
  endfacet
  facet normal 0 0 1
    outer loop
      vertex 146.000000 802.000000 0.000000
      vertex 151.109344 812.857910 0.000000
      vertex 149.708206 813.412659 0.000000
    endloop
  endfacet
  facet normal 0 0 1
    outer loop
      vertex 146.000000 802.000000 0.000000
      vertex 149.708206 813.412659 0.000000
      vertex 148.248581 813.787476 0.000000
    endloop
  endfacet
  facet normal 0 0 1
    outer loop
      vertex 146.000000 802.000000 0.000000
      vertex 148.248581 813.787476 0.000000
      vertex 146.753479 813.976318 0.000000
    endloop
  endfacet
  facet normal 0 0 1
    outer loop
      vertex 146.000000 802.000000 0.000000
      vertex 146.753479 813.976318 0.000000
      vertex 145.246506 813.976318 0.000000
    endloop
  endfacet
  facet normal 0 0 1
    outer loop
      vertex 146.000000 802.000000 0.000000
      vertex 145.246506 813.976318 0.000000
      vertex 143.751419 813.787476 0.000000
    endloop
  endfacet
  facet normal 0 0 1
    outer loop
      vertex 146.000000 802.000000 0.000000
      vertex 143.751419 813.787476 0.000000
      vertex 142.291794 813.412659 0.000000
    endloop
  endfacet
  facet normal 0 0 1
    outer loop
      vertex 146.000000 802.000000 0.000000
      vertex 142.291794 813.412659 0.000000
      vertex 140.890640 812.857910 0.000000
    endloop
  endfacet
  facet normal 0 0 1
    outer loop
      vertex 146.000000 802.000000 0.000000
      vertex 140.890640 812.857910 0.000000
      vertex 139.570084 812.131958 0.000000
    endloop
  endfacet
  facet normal 0 0 1
    outer loop
      vertex 146.000000 802.000000 0.000000
      vertex 139.570084 812.131958 0.000000
      vertex 138.350906 811.246155 0.000000
    endloop
  endfacet
  facet normal 0 0 1
    outer loop
      vertex 146.000000 802.000000 0.000000
      vertex 138.350906 811.246155 0.000000
      vertex 137.252380 810.214539 0.000000
    endloop
  endfacet
  facet normal 0 0 1
    outer loop
      vertex 146.000000 802.000000 0.000000
      vertex 137.252380 810.214539 0.000000
      vertex 136.291794 809.053406 0.000000
    endloop
  endfacet
  facet normal 0 0 1
    outer loop
      vertex 146.000000 802.000000 0.000000
      vertex 136.291794 809.053406 0.000000
      vertex 135.484314 807.781067 0.000000
    endloop
  endfacet
  facet normal 0 0 1
    outer loop
      vertex 146.000000 802.000000 0.000000
      vertex 135.484314 807.781067 0.000000
      vertex 134.842682 806.417480 0.000000
    endloop
  endfacet
  facet normal 0 0 1
    outer loop
      vertex 146.000000 802.000000 0.000000
      vertex 134.842682 806.417480 0.000000
      vertex 134.376999 804.984253 0.000000
    endloop
  endfacet
  facet normal 0 0 1
    outer loop
      vertex 146.000000 802.000000 0.000000
      vertex 134.376999 804.984253 0.000000
      vertex 134.094620 803.503967 0.000000
    endloop
  endfacet
  facet normal 0 0 1
    outer loop
      vertex 146.000000 802.000000 0.000000
      vertex 134.094620 803.503967 0.000000
      vertex 134.000000 802.000000 0.000000
    endloop
  endfacet
  facet normal 0 0 1
    outer loop
      vertex 146.000000 802.000000 0.000000
      vertex 134.000000 802.000000 0.000000
      vertex 134.094620 800.495972 0.000000
    endloop
  endfacet
  facet normal 0 0 1
    outer loop
      vertex 146.000000 802.000000 0.000000
      vertex 134.094620 800.495972 0.000000
      vertex 134.376999 799.015747 0.000000
    endloop
  endfacet
  facet normal 0 0 1
    outer loop
      vertex 146.000000 802.000000 0.000000
      vertex 134.376999 799.015747 0.000000
      vertex 134.842682 797.582520 0.000000
    endloop
  endfacet
  facet normal 0 0 1
    outer loop
      vertex 146.000000 802.000000 0.000000
      vertex 134.842682 797.582520 0.000000
      vertex 135.484314 796.218933 0.000000
    endloop
  endfacet
  facet normal 0 0 1
    outer loop
      vertex 146.000000 802.000000 0.000000
      vertex 135.484314 796.218933 0.000000
      vertex 136.291794 794.946594 0.000000
    endloop
  endfacet
  facet normal 0 0 1
    outer loop
      vertex 146.000000 802.000000 0.000000
      vertex 136.291794 794.946594 0.000000
      vertex 137.252380 793.785461 0.000000
    endloop
  endfacet
  facet normal 0 0 1
    outer loop
      vertex 146.000000 802.000000 0.000000
      vertex 137.252380 793.785461 0.000000
      vertex 138.350922 792.753845 0.000000
    endloop
  endfacet
  facet normal 0 0 1
    outer loop
      vertex 146.000000 802.000000 0.000000
      vertex 138.350922 792.753845 0.000000
      vertex 139.570084 791.868042 0.000000
    endloop
  endfacet
  facet normal 0 0 1
    outer loop
      vertex 146.000000 802.000000 0.000000
      vertex 139.570084 791.868042 0.000000
      vertex 140.890656 791.142090 0.000000
    endloop
  endfacet
  facet normal 0 0 1
    outer loop
      vertex 146.000000 802.000000 0.000000
      vertex 140.890656 791.142090 0.000000
      vertex 142.291794 790.587341 0.000000
    endloop
  endfacet
  facet normal 0 0 1
    outer loop
      vertex 146.000000 802.000000 0.000000
      vertex 142.291794 790.587341 0.000000
      vertex 143.751434 790.212524 0.000000
    endloop
  endfacet
  facet normal 0 0 1
    outer loop
      vertex 146.000000 802.000000 0.000000
      vertex 143.751434 790.212524 0.000000
      vertex 145.246521 790.023682 0.000000
    endloop
  endfacet
  facet normal 0 0 1
    outer loop
      vertex 146.000000 802.000000 0.000000
      vertex 145.246521 790.023682 0.000000
      vertex 146.753494 790.023682 0.000000
    endloop
  endfacet
  facet normal 0 0 1
    outer loop
      vertex 146.000000 802.000000 0.000000
      vertex 146.753494 790.023682 0.000000
      vertex 148.248581 790.212524 0.000000
    endloop
  endfacet
  facet normal 0 0 1
    outer loop
      vertex 146.000000 802.000000 0.000000
      vertex 148.248581 790.212524 0.000000
      vertex 149.708206 790.587341 0.000000
    endloop
  endfacet
  facet normal 0 0 1
    outer loop
      vertex 146.000000 802.000000 0.000000
      vertex 149.708206 790.587341 0.000000
      vertex 151.109360 791.142090 0.000000
    endloop
  endfacet
  facet normal 0 0 1
    outer loop
      vertex 146.000000 802.000000 0.000000
      vertex 151.109360 791.142090 0.000000
      vertex 152.429916 791.868042 0.000000
    endloop
  endfacet
  facet normal 0 0 1
    outer loop
      vertex 146.000000 802.000000 0.000000
      vertex 152.429916 791.868042 0.000000
      vertex 153.649094 792.753845 0.000000
    endloop
  endfacet
  facet normal 0 0 1
    outer loop
      vertex 146.000000 802.000000 0.000000
      vertex 153.649094 792.753845 0.000000
      vertex 154.747620 793.785461 0.000000
    endloop
  endfacet
  facet normal 0 0 1
    outer loop
      vertex 146.000000 802.000000 0.000000
      vertex 154.747620 793.785461 0.000000
      vertex 155.708206 794.946594 0.000000
    endloop
  endfacet
  facet normal 0 0 1
    outer loop
      vertex 146.000000 802.000000 0.000000
      vertex 155.708206 794.946594 0.000000
      vertex 156.515686 796.218933 0.000000
    endloop
  endfacet
  facet normal 0 0 1
    outer loop
      vertex 146.000000 802.000000 0.000000
      vertex 156.515686 796.218933 0.000000
      vertex 157.157318 797.582520 0.000000
    endloop
  endfacet
  facet normal 0 0 1
    outer loop
      vertex 146.000000 802.000000 0.000000
      vertex 157.157318 797.582520 0.000000
      vertex 157.623001 799.015747 0.000000
    endloop
  endfacet
  facet normal 0 0 1
    outer loop
      vertex 146.000000 802.000000 0.000000
      vertex 157.623001 799.015747 0.000000
      vertex 157.905380 800.496033 0.000000
    endloop
  endfacet
  facet normal 0 0 1
    outer loop
      vertex 146.000000 802.000000 0.000000
      vertex 157.905380 800.496033 0.000000
      vertex 158.000000 802.000000 0.000000
    endloop
  endfacet
  facet normal 0 0 1
    outer loop
      vertex 126.000000 800.500000 0.000000
      vertex 166.000000 800.500000 0.000000
      vertex 126.000000 803.500000 0.000000
    endloop
  endfacet
  facet normal 0 0 1
    outer loop
      vertex 126.000000 803.500000 0.000000
      vertex 166.000000 800.500000 0.000000
      vertex 166.000000 803.500000 0.000000
    endloop
  endfacet
  facet normal 0 0 1
    outer loop
      vertex 129.429489 790.700989 0.000000
      vertex 164.070511 810.700989 0.000000
      vertex 127.929489 793.299011 0.000000
    endloop
  endfacet
  facet normal 0 0 1
    outer loop
      vertex 127.929489 793.299011 0.000000
      vertex 164.070511 810.700989 0.000000
      vertex 162.570511 813.299011 0.000000
    endloop
  endfacet
  facet normal 0 0 1
    outer loop
      vertex 137.299042 783.929504 0.000000
      vertex 157.299042 818.570496 0.000000
      vertex 134.700958 785.429504 0.000000
    endloop
  endfacet
  facet normal 0 0 1
    outer loop
      vertex 134.700958 785.429504 0.000000
      vertex 157.299042 818.570496 0.000000
      vertex 154.700958 820.070496 0.000000
    endloop
  endfacet
  facet normal 0 0 1
    outer loop
      vertex 147.500000 782.000000 0.000000
      vertex 147.500000 822.000000 0.000000
      vertex 144.500000 782.000000 0.000000
    endloop
  endfacet
  facet normal 0 0 1
    outer loop
      vertex 144.500000 782.000000 0.000000
      vertex 147.500000 822.000000 0.000000
      vertex 144.500000 822.000000 0.000000
    endloop
  endfacet
  facet normal 0 0 1
    outer loop
      vertex 157.299042 785.429504 0.000000
      vertex 137.299042 820.070496 0.000000
      vertex 154.700958 783.929504 0.000000
    endloop
  endfacet
  facet normal 0 0 1
    outer loop
      vertex 154.700958 783.929504 0.000000
      vertex 137.299042 820.070496 0.000000
      vertex 134.700958 818.570496 0.000000
    endloop
  endfacet
  facet normal 0 0 1
    outer loop
      vertex 164.070511 793.299011 0.000000
      vertex 129.429489 813.299011 0.000000
      vertex 162.570511 790.700989 0.000000
    endloop
  endfacet
  facet normal 0 0 1
    outer loop
      vertex 162.570511 790.700989 0.000000
      vertex 129.429489 813.299011 0.000000
      vertex 127.929489 810.700989 0.000000
    endloop
  endfacet
  facet normal 0 0 1
    outer loop
      vertex 19.000000 790.000000 0.000000
      vertex 31.000000 790.000000 0.000000
      vertex 30.905376 791.504028 0.000000
    endloop
  endfacet
  facet normal 0 0 1
    outer loop
      vertex 19.000000 790.000000 0.000000
      vertex 30.905376 791.504028 0.000000
      vertex 30.622997 792.984253 0.000000
    endloop
  endfacet
  facet normal 0 0 1
    outer loop
      vertex 19.000000 790.000000 0.000000
      vertex 30.622997 792.984253 0.000000
      vertex 30.157318 794.417480 0.000000
    endloop
  endfacet
  facet normal 0 0 1
    outer loop
      vertex 19.000000 790.000000 0.000000
      vertex 30.157318 794.417480 0.000000
      vertex 29.515680 795.781067 0.000000
    endloop
  endfacet
  facet normal 0 0 1
    outer loop
      vertex 19.000000 790.000000 0.000000
      vertex 29.515680 795.781067 0.000000
      vertex 28.708204 797.053406 0.000000
    endloop
  endfacet
  facet normal 0 0 1
    outer loop
      vertex 19.000000 790.000000 0.000000
      vertex 28.708204 797.053406 0.000000
      vertex 27.747623 798.214539 0.000000
    endloop
  endfacet
  facet normal 0 0 1
    outer loop
      vertex 19.000000 790.000000 0.000000
      vertex 27.747623 798.214539 0.000000
      vertex 26.649088 799.246155 0.000000
    endloop
  endfacet
  facet normal 0 0 1
    outer loop
      vertex 19.000000 790.000000 0.000000
      vertex 26.649088 799.246155 0.000000
      vertex 25.429920 800.131958 0.000000
    endloop
  endfacet
  facet normal 0 0 1
    outer loop
      vertex 19.000000 790.000000 0.000000
      vertex 25.429920 800.131958 0.000000
      vertex 24.109350 800.857910 0.000000
    endloop
  endfacet
  facet normal 0 0 1
    outer loop
      vertex 19.000000 790.000000 0.000000
      vertex 24.109350 800.857910 0.000000
      vertex 22.708204 801.412659 0.000000
    endloop
  endfacet
  facet normal 0 0 1
    outer loop
      vertex 19.000000 790.000000 0.000000
      vertex 22.708204 801.412659 0.000000
      vertex 21.248575 801.787476 0.000000
    endloop
  endfacet
  facet normal 0 0 1
    outer loop
      vertex 19.000000 790.000000 0.000000
      vertex 21.248575 801.787476 0.000000
      vertex 19.753485 801.976318 0.000000
    endloop
  endfacet
  facet normal 0 0 1
    outer loop
      vertex 19.000000 790.000000 0.000000
      vertex 19.753485 801.976318 0.000000
      vertex 18.246513 801.976318 0.000000
    endloop
  endfacet
  facet normal 0 0 1
    outer loop
      vertex 19.000000 790.000000 0.000000
      vertex 18.246513 801.976318 0.000000
      vertex 16.751423 801.787476 0.000000
    endloop
  endfacet
  facet normal 0 0 1
    outer loop
      vertex 19.000000 790.000000 0.000000
      vertex 16.751423 801.787476 0.000000
      vertex 15.291796 801.412659 0.000000
    endloop
  endfacet
  facet normal 0 0 1
    outer loop
      vertex 19.000000 790.000000 0.000000
      vertex 15.291796 801.412659 0.000000
      vertex 13.890647 800.857910 0.000000
    endloop
  endfacet
  facet normal 0 0 1
    outer loop
      vertex 19.000000 790.000000 0.000000
      vertex 13.890647 800.857910 0.000000
      vertex 12.570077 800.131958 0.000000
    endloop
  endfacet
  facet normal 0 0 1
    outer loop
      vertex 19.000000 790.000000 0.000000
      vertex 12.570077 800.131958 0.000000
      vertex 11.350910 799.246155 0.000000
    endloop
  endfacet
  facet normal 0 0 1
    outer loop
      vertex 19.000000 790.000000 0.000000
      vertex 11.350910 799.246155 0.000000
      vertex 10.252377 798.214539 0.000000
    endloop
  endfacet
  facet normal 0 0 1
    outer loop
      vertex 19.000000 790.000000 0.000000
      vertex 10.252377 798.214539 0.000000
      vertex 9.291796 797.053406 0.000000
    endloop
  endfacet
  facet normal 0 0 1
    outer loop
      vertex 19.000000 790.000000 0.000000
      vertex 9.291796 797.053406 0.000000
      vertex 8.484319 795.781067 0.000000
    endloop
  endfacet
  facet normal 0 0 1
    outer loop
      vertex 19.000000 790.000000 0.000000
      vertex 8.484319 795.781067 0.000000
      vertex 7.842681 794.417480 0.000000
    endloop
  endfacet
  facet normal 0 0 1
    outer loop
      vertex 19.000000 790.000000 0.000000
      vertex 7.842681 794.417480 0.000000
      vertex 7.377001 792.984253 0.000000
    endloop
  endfacet
  facet normal 0 0 1
    outer loop
      vertex 19.000000 790.000000 0.000000
      vertex 7.377001 792.984253 0.000000
      vertex 7.094623 791.503967 0.000000
    endloop
  endfacet
  facet normal 0 0 1
    outer loop
      vertex 19.000000 790.000000 0.000000
      vertex 7.094623 791.503967 0.000000
      vertex 7.000000 790.000000 0.000000
    endloop
  endfacet
  facet normal 0 0 1
    outer loop
      vertex 19.000000 790.000000 0.000000
      vertex 7.000000 790.000000 0.000000
      vertex 7.094624 788.495972 0.000000
    endloop
  endfacet
  facet normal 0 0 1
    outer loop
      vertex 19.000000 790.000000 0.000000
      vertex 7.094624 788.495972 0.000000
      vertex 7.377003 787.015747 0.000000
    endloop
  endfacet
  facet normal 0 0 1
    outer loop
      vertex 19.000000 790.000000 0.000000
      vertex 7.377003 787.015747 0.000000
      vertex 7.842683 785.582520 0.000000
    endloop
  endfacet
  facet normal 0 0 1
    outer loop
      vertex 19.000000 790.000000 0.000000
      vertex 7.842683 785.582520 0.000000
      vertex 8.484322 784.218933 0.000000
    endloop
  endfacet
  facet normal 0 0 1
    outer loop
      vertex 19.000000 790.000000 0.000000
      vertex 8.484322 784.218933 0.000000
      vertex 9.291797 782.946594 0.000000
    endloop
  endfacet
  facet normal 0 0 1
    outer loop
      vertex 19.000000 790.000000 0.000000
      vertex 9.291797 782.946594 0.000000
      vertex 10.252378 781.785461 0.000000
    endloop
  endfacet
  facet normal 0 0 1
    outer loop
      vertex 19.000000 790.000000 0.000000
      vertex 10.252378 781.785461 0.000000
      vertex 11.350914 780.753845 0.000000
    endloop
  endfacet
  facet normal 0 0 1
    outer loop
      vertex 19.000000 790.000000 0.000000
      vertex 11.350914 780.753845 0.000000
      vertex 12.570081 779.868042 0.000000
    endloop
  endfacet
  facet normal 0 0 1
    outer loop
      vertex 19.000000 790.000000 0.000000
      vertex 12.570081 779.868042 0.000000
      vertex 13.890652 779.142090 0.000000
    endloop
  endfacet
  facet normal 0 0 1
    outer loop
      vertex 19.000000 790.000000 0.000000
      vertex 13.890652 779.142090 0.000000
      vertex 15.291800 778.587341 0.000000
    endloop
  endfacet
  facet normal 0 0 1
    outer loop
      vertex 19.000000 790.000000 0.000000
      vertex 15.291800 778.587341 0.000000
      vertex 16.751429 778.212524 0.000000
    endloop
  endfacet
  facet normal 0 0 1
    outer loop
      vertex 19.000000 790.000000 0.000000
      vertex 16.751429 778.212524 0.000000
      vertex 18.246519 778.023682 0.000000
    endloop
  endfacet
  facet normal 0 0 1
    outer loop
      vertex 19.000000 790.000000 0.000000
      vertex 18.246519 778.023682 0.000000
      vertex 19.753487 778.023682 0.000000
    endloop
  endfacet
  facet normal 0 0 1
    outer loop
      vertex 19.000000 790.000000 0.000000
      vertex 19.753487 778.023682 0.000000
      vertex 21.248577 778.212524 0.000000
    endloop
  endfacet
  facet normal 0 0 1
    outer loop
      vertex 19.000000 790.000000 0.000000
      vertex 21.248577 778.212524 0.000000
      vertex 22.708206 778.587341 0.000000
    endloop
  endfacet
  facet normal 0 0 1
    outer loop
      vertex 19.000000 790.000000 0.000000
      vertex 22.708206 778.587341 0.000000
      vertex 24.109354 779.142090 0.000000
    endloop
  endfacet
  facet normal 0 0 1
    outer loop
      vertex 19.000000 790.000000 0.000000
      vertex 24.109354 779.142090 0.000000
      vertex 25.429924 779.868042 0.000000
    endloop
  endfacet
  facet normal 0 0 1
    outer loop
      vertex 19.000000 790.000000 0.000000
      vertex 25.429924 779.868042 0.000000
      vertex 26.649090 780.753845 0.000000
    endloop
  endfacet
  facet normal 0 0 1
    outer loop
      vertex 19.000000 790.000000 0.000000
      vertex 26.649090 780.753845 0.000000
      vertex 27.747627 781.785461 0.000000
    endloop
  endfacet
  facet normal 0 0 1
    outer loop
      vertex 19.000000 790.000000 0.000000
      vertex 27.747627 781.785461 0.000000
      vertex 28.708206 782.946594 0.000000
    endloop
  endfacet
  facet normal 0 0 1
    outer loop
      vertex 19.000000 790.000000 0.000000
      vertex 28.708206 782.946594 0.000000
      vertex 29.515682 784.218933 0.000000
    endloop
  endfacet
  facet normal 0 0 1
    outer loop
      vertex 19.000000 790.000000 0.000000
      vertex 29.515682 784.218933 0.000000
      vertex 30.157320 785.582520 0.000000
    endloop
  endfacet
  facet normal 0 0 1
    outer loop
      vertex 19.000000 790.000000 0.000000
      vertex 30.157320 785.582520 0.000000
      vertex 30.622999 787.015747 0.000000
    endloop
  endfacet
  facet normal 0 0 1
    outer loop
      vertex 19.000000 790.000000 0.000000
      vertex 30.622999 787.015747 0.000000
      vertex 30.905376 788.496033 0.000000
    endloop
  endfacet
  facet normal 0 0 1
    outer loop
      vertex 19.000000 790.000000 0.000000
      vertex 30.905376 788.496033 0.000000
      vertex 31.000000 790.000000 0.000000
    endloop
  endfacet
  facet normal 0 0 1
    outer loop
      vertex -1.000000 788.500000 0.000000
      vertex 39.000000 788.500000 0.000000
      vertex -1.000000 791.500000 0.000000
    endloop
  endfacet
  facet normal 0 0 1
    outer loop
      vertex -1.000000 791.500000 0.000000
      vertex 39.000000 788.500000 0.000000
      vertex 39.000000 791.500000 0.000000
    endloop
  endfacet
  facet normal 0 0 1
    outer loop
      vertex 2.429493 778.700989 0.000000
      vertex 37.070507 798.700989 0.000000
      vertex 0.929493 781.299011 0.000000
    endloop
  endfacet
  facet normal 0 0 1
    outer loop
      vertex 0.929493 781.299011 0.000000
      vertex 37.070507 798.700989 0.000000
      vertex 35.570507 801.299011 0.000000
    endloop
  endfacet
  facet normal 0 0 1
    outer loop
      vertex 10.299039 771.929504 0.000000
      vertex 30.299038 806.570496 0.000000
      vertex 7.700963 773.429504 0.000000
    endloop
  endfacet
  facet normal 0 0 1
    outer loop
      vertex 7.700963 773.429504 0.000000
      vertex 30.299038 806.570496 0.000000
      vertex 27.700962 808.070496 0.000000
    endloop
  endfacet
  facet normal 0 0 1
    outer loop
      vertex 20.500000 770.000000 0.000000
      vertex 20.500000 810.000000 0.000000
      vertex 17.500000 770.000000 0.000000
    endloop
  endfacet
  facet normal 0 0 1
    outer loop
      vertex 17.500000 770.000000 0.000000
      vertex 20.500000 810.000000 0.000000
      vertex 17.500000 810.000000 0.000000
    endloop
  endfacet
  facet normal 0 0 1
    outer loop
      vertex 30.299038 773.429504 0.000000
      vertex 10.299037 808.070496 0.000000
      vertex 27.700962 771.929504 0.000000
    endloop
  endfacet
  facet normal 0 0 1
    outer loop
      vertex 27.700962 771.929504 0.000000
      vertex 10.299037 808.070496 0.000000
      vertex 7.700961 806.570496 0.000000
    endloop
  endfacet
  facet normal 0 0 1
    outer loop
      vertex 37.070507 781.299011 0.000000
      vertex 2.429493 801.299011 0.000000
      vertex 35.570507 778.700989 0.000000
    endloop
  endfacet
  facet normal 0 0 1
    outer loop
      vertex 35.570507 778.700989 0.000000
      vertex 2.429493 801.299011 0.000000
      vertex 0.929493 798.700989 0.000000
    endloop
  endfacet
  facet normal 0 0 1
    outer loop
      vertex 895.000000 932.000000 0.000000
      vertex 907.000000 932.000000 0.000000
      vertex 906.905396 933.504028 0.000000
    endloop
  endfacet
  facet normal 0 0 1
    outer loop
      vertex 895.000000 932.000000 0.000000
      vertex 906.905396 933.504028 0.000000
      vertex 906.622986 934.984253 0.000000
    endloop
  endfacet
  facet normal 0 0 1
    outer loop
      vertex 895.000000 932.000000 0.000000
      vertex 906.622986 934.984253 0.000000
      vertex 906.157288 936.417480 0.000000
    endloop
  endfacet
  facet normal 0 0 1
    outer loop
      vertex 895.000000 932.000000 0.000000
      vertex 906.157288 936.417480 0.000000
      vertex 905.515686 937.781067 0.000000
    endloop
  endfacet
  facet normal 0 0 1
    outer loop
      vertex 895.000000 932.000000 0.000000
      vertex 905.515686 937.781067 0.000000
      vertex 904.708191 939.053406 0.000000
    endloop
  endfacet
  facet normal 0 0 1
    outer loop
      vertex 895.000000 932.000000 0.000000
      vertex 904.708191 939.053406 0.000000
      vertex 903.747620 940.214539 0.000000
    endloop
  endfacet
  facet normal 0 0 1
    outer loop
      vertex 895.000000 932.000000 0.000000
      vertex 903.747620 940.214539 0.000000
      vertex 902.649109 941.246155 0.000000
    endloop
  endfacet
  facet normal 0 0 1
    outer loop
      vertex 895.000000 932.000000 0.000000
      vertex 902.649109 941.246155 0.000000
      vertex 901.429932 942.131958 0.000000
    endloop
  endfacet
  facet normal 0 0 1
    outer loop
      vertex 895.000000 932.000000 0.000000
      vertex 901.429932 942.131958 0.000000
      vertex 900.109375 942.857910 0.000000
    endloop
  endfacet
  facet normal 0 0 1
    outer loop
      vertex 895.000000 932.000000 0.000000
      vertex 900.109375 942.857910 0.000000
      vertex 898.708191 943.412659 0.000000
    endloop
  endfacet
  facet normal 0 0 1
    outer loop
      vertex 895.000000 932.000000 0.000000
      vertex 898.708191 943.412659 0.000000
      vertex 897.248596 943.787476 0.000000
    endloop
  endfacet
  facet normal 0 0 1
    outer loop
      vertex 895.000000 932.000000 0.000000
      vertex 897.248596 943.787476 0.000000
      vertex 895.753479 943.976318 0.000000
    endloop
  endfacet
  facet normal 0 0 1
    outer loop
      vertex 895.000000 932.000000 0.000000
      vertex 895.753479 943.976318 0.000000
      vertex 894.246521 943.976318 0.000000
    endloop
  endfacet
  facet normal 0 0 1
    outer loop
      vertex 895.000000 932.000000 0.000000
      vertex 894.246521 943.976318 0.000000
      vertex 892.751404 943.787476 0.000000
    endloop
  endfacet
  facet normal 0 0 1
    outer loop
      vertex 895.000000 932.000000 0.000000
      vertex 892.751404 943.787476 0.000000
      vertex 891.291809 943.412659 0.000000
    endloop
  endfacet
  facet normal 0 0 1
    outer loop
      vertex 895.000000 932.000000 0.000000
      vertex 891.291809 943.412659 0.000000
      vertex 889.890625 942.857910 0.000000
    endloop
  endfacet
  facet normal 0 0 1
    outer loop
      vertex 895.000000 932.000000 0.000000
      vertex 889.890625 942.857910 0.000000
      vertex 888.570068 942.131958 0.000000
    endloop
  endfacet
  facet normal 0 0 1
    outer loop
      vertex 895.000000 932.000000 0.000000
      vertex 888.570068 942.131958 0.000000
      vertex 887.350891 941.246155 0.000000
    endloop
  endfacet
  facet normal 0 0 1
    outer loop
      vertex 895.000000 932.000000 0.000000
      vertex 887.350891 941.246155 0.000000
      vertex 886.252380 940.214539 0.000000
    endloop
  endfacet
  facet normal 0 0 1
    outer loop
      vertex 895.000000 932.000000 0.000000
      vertex 886.252380 940.214539 0.000000
      vertex 885.291809 939.053406 0.000000
    endloop
  endfacet
  facet normal 0 0 1
    outer loop
      vertex 895.000000 932.000000 0.000000
      vertex 885.291809 939.053406 0.000000
      vertex 884.484314 937.781067 0.000000
    endloop
  endfacet
  facet normal 0 0 1
    outer loop
      vertex 895.000000 932.000000 0.000000
      vertex 884.484314 937.781067 0.000000
      vertex 883.842651 936.417480 0.000000
    endloop
  endfacet
  facet normal 0 0 1
    outer loop
      vertex 895.000000 932.000000 0.000000
      vertex 883.842651 936.417480 0.000000
      vertex 883.377014 934.984253 0.000000
    endloop
  endfacet
  facet normal 0 0 1
    outer loop
      vertex 895.000000 932.000000 0.000000
      vertex 883.377014 934.984253 0.000000
      vertex 883.094604 933.503967 0.000000
    endloop
  endfacet
  facet normal 0 0 1
    outer loop
      vertex 895.000000 932.000000 0.000000
      vertex 883.094604 933.503967 0.000000
      vertex 883.000000 932.000000 0.000000
    endloop
  endfacet
  facet normal 0 0 1
    outer loop
      vertex 895.000000 932.000000 0.000000
      vertex 883.000000 932.000000 0.000000
      vertex 883.094604 930.495972 0.000000
    endloop
  endfacet
  facet normal 0 0 1
    outer loop
      vertex 895.000000 932.000000 0.000000
      vertex 883.094604 930.495972 0.000000
      vertex 883.377014 929.015747 0.000000
    endloop
  endfacet
  facet normal 0 0 1
    outer loop
      vertex 895.000000 932.000000 0.000000
      vertex 883.377014 929.015747 0.000000
      vertex 883.842712 927.582520 0.000000
    endloop
  endfacet
  facet normal 0 0 1
    outer loop
      vertex 895.000000 932.000000 0.000000
      vertex 883.842712 927.582520 0.000000
      vertex 884.484314 926.218933 0.000000
    endloop
  endfacet
  facet normal 0 0 1
    outer loop
      vertex 895.000000 932.000000 0.000000
      vertex 884.484314 926.218933 0.000000
      vertex 885.291809 924.946594 0.000000
    endloop
  endfacet
  facet normal 0 0 1
    outer loop
      vertex 895.000000 932.000000 0.000000
      vertex 885.291809 924.946594 0.000000
      vertex 886.252380 923.785461 0.000000
    endloop
  endfacet
  facet normal 0 0 1
    outer loop
      vertex 895.000000 932.000000 0.000000
      vertex 886.252380 923.785461 0.000000
      vertex 887.350891 922.753845 0.000000
    endloop
  endfacet
  facet normal 0 0 1
    outer loop
      vertex 895.000000 932.000000 0.000000
      vertex 887.350891 922.753845 0.000000
      vertex 888.570068 921.868042 0.000000
    endloop
  endfacet
  facet normal 0 0 1
    outer loop
      vertex 895.000000 932.000000 0.000000
      vertex 888.570068 921.868042 0.000000
      vertex 889.890625 921.142090 0.000000
    endloop
  endfacet
  facet normal 0 0 1
    outer loop
      vertex 895.000000 932.000000 0.000000
      vertex 889.890625 921.142090 0.000000
      vertex 891.291809 920.587341 0.000000
    endloop
  endfacet
  facet normal 0 0 1
    outer loop
      vertex 895.000000 932.000000 0.000000
      vertex 891.291809 920.587341 0.000000
      vertex 892.751404 920.212524 0.000000
    endloop
  endfacet
  facet normal 0 0 1
    outer loop
      vertex 895.000000 932.000000 0.000000
      vertex 892.751404 920.212524 0.000000
      vertex 894.246521 920.023682 0.000000
    endloop
  endfacet
  facet normal 0 0 1
    outer loop
      vertex 895.000000 932.000000 0.000000
      vertex 894.246521 920.023682 0.000000
      vertex 895.753479 920.023682 0.000000
    endloop
  endfacet
  facet normal 0 0 1
    outer loop
      vertex 895.000000 932.000000 0.000000
      vertex 895.753479 920.023682 0.000000
      vertex 897.248596 920.212524 0.000000
    endloop
  endfacet
  facet normal 0 0 1
    outer loop
      vertex 895.000000 932.000000 0.000000
      vertex 897.248596 920.212524 0.000000
      vertex 898.708191 920.587341 0.000000
    endloop
  endfacet
  facet normal 0 0 1
    outer loop
      vertex 895.000000 932.000000 0.000000
      vertex 898.708191 920.587341 0.000000
      vertex 900.109375 921.142090 0.000000
    endloop
  endfacet
  facet normal 0 0 1
    outer loop
      vertex 895.000000 932.000000 0.000000
      vertex 900.109375 921.142090 0.000000
      vertex 901.429932 921.868042 0.000000
    endloop
  endfacet
  facet normal 0 0 1
    outer loop
      vertex 895.000000 932.000000 0.000000
      vertex 901.429932 921.868042 0.000000
      vertex 902.649109 922.753845 0.000000
    endloop
  endfacet
  facet normal 0 0 1
    outer loop
      vertex 895.000000 932.000000 0.000000
      vertex 902.649109 922.753845 0.000000
      vertex 903.747620 923.785461 0.000000
    endloop
  endfacet
  facet normal 0 0 1
    outer loop
      vertex 895.000000 932.000000 0.000000
      vertex 903.747620 923.785461 0.000000
      vertex 904.708191 924.946594 0.000000
    endloop
  endfacet
  facet normal 0 0 1
    outer loop
      vertex 895.000000 932.000000 0.000000
      vertex 904.708191 924.946594 0.000000
      vertex 905.515686 926.218933 0.000000
    endloop
  endfacet
  facet normal 0 0 1
    outer loop
      vertex 895.000000 932.000000 0.000000
      vertex 905.515686 926.218933 0.000000
      vertex 906.157349 927.582520 0.000000
    endloop
  endfacet
  facet normal 0 0 1
    outer loop
      vertex 895.000000 932.000000 0.000000
      vertex 906.157349 927.582520 0.000000
      vertex 906.622986 929.015747 0.000000
    endloop
  endfacet
  facet normal 0 0 1
    outer loop
      vertex 895.000000 932.000000 0.000000
      vertex 906.622986 929.015747 0.000000
      vertex 906.905396 930.496033 0.000000
    endloop
  endfacet
  facet normal 0 0 1
    outer loop
      vertex 895.000000 932.000000 0.000000
      vertex 906.905396 930.496033 0.000000
      vertex 907.000000 932.000000 0.000000
    endloop
  endfacet
  facet normal 0 0 1
    outer loop
      vertex 875.000000 930.500000 0.000000
      vertex 915.000000 930.500000 0.000000
      vertex 875.000000 933.500000 0.000000
    endloop
  endfacet
  facet normal 0 0 1
    outer loop
      vertex 875.000000 933.500000 0.000000
      vertex 915.000000 930.500000 0.000000
      vertex 915.000000 933.500000 0.000000
    endloop
  endfacet
  facet normal 0 0 1
    outer loop
      vertex 878.429504 920.700989 0.000000
      vertex 913.070496 940.700989 0.000000
      vertex 876.929504 923.299011 0.000000
    endloop
  endfacet
  facet normal 0 0 1
    outer loop
      vertex 876.929504 923.299011 0.000000
      vertex 913.070496 940.700989 0.000000
      vertex 911.570496 943.299011 0.000000
    endloop
  endfacet
  facet normal 0 0 1
    outer loop
      vertex 886.299011 913.929504 0.000000
      vertex 906.299011 948.570496 0.000000
      vertex 883.700989 915.429504 0.000000
    endloop
  endfacet
  facet normal 0 0 1
    outer loop
      vertex 883.700989 915.429504 0.000000
      vertex 906.299011 948.570496 0.000000
      vertex 903.700989 950.070496 0.000000
    endloop
  endfacet
  facet normal 0 0 1
    outer loop
      vertex 896.500000 912.000000 0.000000
      vertex 896.500000 952.000000 0.000000
      vertex 893.500000 912.000000 0.000000
    endloop
  endfacet
  facet normal 0 0 1
    outer loop
      vertex 893.500000 912.000000 0.000000
      vertex 896.500000 952.000000 0.000000
      vertex 893.500000 952.000000 0.000000
    endloop
  endfacet
  facet normal 0 0 1
    outer loop
      vertex 906.299011 915.429504 0.000000
      vertex 886.299011 950.070496 0.000000
      vertex 903.700989 913.929504 0.000000
    endloop
  endfacet
  facet normal 0 0 1
    outer loop
      vertex 903.700989 913.929504 0.000000
      vertex 886.299011 950.070496 0.000000
      vertex 883.700989 948.570496 0.000000
    endloop
  endfacet
  facet normal 0 0 1
    outer loop
      vertex 913.070496 923.299011 0.000000
      vertex 878.429504 943.299011 0.000000
      vertex 911.570496 920.700989 0.000000
    endloop
  endfacet
  facet normal 0 0 1
    outer loop
      vertex 911.570496 920.700989 0.000000
      vertex 878.429504 943.299011 0.000000
      vertex 876.929504 940.700989 0.000000
    endloop
  endfacet
  facet normal 0 0 1
    outer loop
      vertex 251.000000 615.000000 0.000000
      vertex 263.000000 615.000000 0.000000
      vertex 262.905365 616.504028 0.000000
    endloop
  endfacet
  facet normal 0 0 1
    outer loop
      vertex 251.000000 615.000000 0.000000
      vertex 262.905365 616.504028 0.000000
      vertex 262.622986 617.984253 0.000000
    endloop
  endfacet
  facet normal 0 0 1
    outer loop
      vertex 251.000000 615.000000 0.000000
      vertex 262.622986 617.984253 0.000000
      vertex 262.157318 619.417480 0.000000
    endloop
  endfacet
  facet normal 0 0 1
    outer loop
      vertex 251.000000 615.000000 0.000000
      vertex 262.157318 619.417480 0.000000
      vertex 261.515686 620.781067 0.000000
    endloop
  endfacet
  facet normal 0 0 1
    outer loop
      vertex 251.000000 615.000000 0.000000
      vertex 261.515686 620.781067 0.000000
      vertex 260.708191 622.053406 0.000000
    endloop
  endfacet
  facet normal 0 0 1
    outer loop
      vertex 251.000000 615.000000 0.000000
      vertex 260.708191 622.053406 0.000000
      vertex 259.747620 623.214539 0.000000
    endloop
  endfacet
  facet normal 0 0 1
    outer loop
      vertex 251.000000 615.000000 0.000000
      vertex 259.747620 623.214539 0.000000
      vertex 258.649078 624.246155 0.000000
    endloop
  endfacet
  facet normal 0 0 1
    outer loop
      vertex 251.000000 615.000000 0.000000
      vertex 258.649078 624.246155 0.000000
      vertex 257.429932 625.131958 0.000000
    endloop
  endfacet
  facet normal 0 0 1
    outer loop
      vertex 251.000000 615.000000 0.000000
      vertex 257.429932 625.131958 0.000000
      vertex 256.109344 625.857910 0.000000
    endloop
  endfacet
  facet normal 0 0 1
    outer loop
      vertex 251.000000 615.000000 0.000000
      vertex 256.109344 625.857910 0.000000
      vertex 254.708206 626.412659 0.000000
    endloop
  endfacet
  facet normal 0 0 1
    outer loop
      vertex 251.000000 615.000000 0.000000
      vertex 254.708206 626.412659 0.000000
      vertex 253.248581 626.787476 0.000000
    endloop
  endfacet
  facet normal 0 0 1
    outer loop
      vertex 251.000000 615.000000 0.000000
      vertex 253.248581 626.787476 0.000000
      vertex 251.753479 626.976318 0.000000
    endloop
  endfacet
  facet normal 0 0 1
    outer loop
      vertex 251.000000 615.000000 0.000000
      vertex 251.753479 626.976318 0.000000
      vertex 250.246506 626.976318 0.000000
    endloop
  endfacet
  facet normal 0 0 1
    outer loop
      vertex 251.000000 615.000000 0.000000
      vertex 250.246506 626.976318 0.000000
      vertex 248.751419 626.787476 0.000000
    endloop
  endfacet
  facet normal 0 0 1
    outer loop
      vertex 251.000000 615.000000 0.000000
      vertex 248.751419 626.787476 0.000000
      vertex 247.291794 626.412659 0.000000
    endloop
  endfacet
  facet normal 0 0 1
    outer loop
      vertex 251.000000 615.000000 0.000000
      vertex 247.291794 626.412659 0.000000
      vertex 245.890640 625.857910 0.000000
    endloop
  endfacet
  facet normal 0 0 1
    outer loop
      vertex 251.000000 615.000000 0.000000
      vertex 245.890640 625.857910 0.000000
      vertex 244.570084 625.131958 0.000000
    endloop
  endfacet
  facet normal 0 0 1
    outer loop
      vertex 251.000000 615.000000 0.000000
      vertex 244.570084 625.131958 0.000000
      vertex 243.350906 624.246155 0.000000
    endloop
  endfacet
  facet normal 0 0 1
    outer loop
      vertex 251.000000 615.000000 0.000000
      vertex 243.350906 624.246155 0.000000
      vertex 242.252380 623.214539 0.000000
    endloop
  endfacet
  facet normal 0 0 1
    outer loop
      vertex 251.000000 615.000000 0.000000
      vertex 242.252380 623.214539 0.000000
      vertex 241.291794 622.053406 0.000000
    endloop
  endfacet
  facet normal 0 0 1
    outer loop
      vertex 251.000000 615.000000 0.000000
      vertex 241.291794 622.053406 0.000000
      vertex 240.484314 620.781067 0.000000
    endloop
  endfacet
  facet normal 0 0 1
    outer loop
      vertex 251.000000 615.000000 0.000000
      vertex 240.484314 620.781067 0.000000
      vertex 239.842682 619.417480 0.000000
    endloop
  endfacet
  facet normal 0 0 1
    outer loop
      vertex 251.000000 615.000000 0.000000
      vertex 239.842682 619.417480 0.000000
      vertex 239.376999 617.984253 0.000000
    endloop
  endfacet
  facet normal 0 0 1
    outer loop
      vertex 251.000000 615.000000 0.000000
      vertex 239.376999 617.984253 0.000000
      vertex 239.094620 616.503967 0.000000
    endloop
  endfacet
  facet normal 0 0 1
    outer loop
      vertex 251.000000 615.000000 0.000000
      vertex 239.094620 616.503967 0.000000
      vertex 239.000000 615.000000 0.000000
    endloop
  endfacet
  facet normal 0 0 1
    outer loop
      vertex 251.000000 615.000000 0.000000
      vertex 239.000000 615.000000 0.000000
      vertex 239.094620 613.495972 0.000000
    endloop
  endfacet
  facet normal 0 0 1
    outer loop
      vertex 251.000000 615.000000 0.000000
      vertex 239.094620 613.495972 0.000000
      vertex 239.376999 612.015747 0.000000
    endloop
  endfacet
  facet normal 0 0 1
    outer loop
      vertex 251.000000 615.000000 0.000000
      vertex 239.376999 612.015747 0.000000
      vertex 239.842682 610.582520 0.000000
    endloop
  endfacet
  facet normal 0 0 1
    outer loop
      vertex 251.000000 615.000000 0.000000
      vertex 239.842682 610.582520 0.000000
      vertex 240.484314 609.218933 0.000000
    endloop
  endfacet
  facet normal 0 0 1
    outer loop
      vertex 251.000000 615.000000 0.000000
      vertex 240.484314 609.218933 0.000000
      vertex 241.291794 607.946594 0.000000
    endloop
  endfacet
  facet normal 0 0 1
    outer loop
      vertex 251.000000 615.000000 0.000000
      vertex 241.291794 607.946594 0.000000
      vertex 242.252380 606.785461 0.000000
    endloop
  endfacet
  facet normal 0 0 1
    outer loop
      vertex 251.000000 615.000000 0.000000
      vertex 242.252380 606.785461 0.000000
      vertex 243.350922 605.753845 0.000000
    endloop
  endfacet
  facet normal 0 0 1
    outer loop
      vertex 251.000000 615.000000 0.000000
      vertex 243.350922 605.753845 0.000000
      vertex 244.570084 604.868042 0.000000
    endloop
  endfacet
  facet normal 0 0 1
    outer loop
      vertex 251.000000 615.000000 0.000000
      vertex 244.570084 604.868042 0.000000
      vertex 245.890656 604.142090 0.000000
    endloop
  endfacet
  facet normal 0 0 1
    outer loop
      vertex 251.000000 615.000000 0.000000
      vertex 245.890656 604.142090 0.000000
      vertex 247.291794 603.587341 0.000000
    endloop
  endfacet
  facet normal 0 0 1
    outer loop
      vertex 251.000000 615.000000 0.000000
      vertex 247.291794 603.587341 0.000000
      vertex 248.751434 603.212524 0.000000
    endloop
  endfacet
  facet normal 0 0 1
    outer loop
      vertex 251.000000 615.000000 0.000000
      vertex 248.751434 603.212524 0.000000
      vertex 250.246521 603.023682 0.000000
    endloop
  endfacet
  facet normal 0 0 1
    outer loop
      vertex 251.000000 615.000000 0.000000
      vertex 250.246521 603.023682 0.000000
      vertex 251.753494 603.023682 0.000000
    endloop
  endfacet
  facet normal 0 0 1
    outer loop
      vertex 251.000000 615.000000 0.000000
      vertex 251.753494 603.023682 0.000000
      vertex 253.248581 603.212524 0.000000
    endloop
  endfacet
  facet normal 0 0 1
    outer loop
      vertex 251.000000 615.000000 0.000000
      vertex 253.248581 603.212524 0.000000
      vertex 254.708206 603.587341 0.000000
    endloop
  endfacet
  facet normal 0 0 1
    outer loop
      vertex 251.000000 615.000000 0.000000
      vertex 254.708206 603.587341 0.000000
      vertex 256.109344 604.142090 0.000000
    endloop
  endfacet
  facet normal 0 0 1
    outer loop
      vertex 251.000000 615.000000 0.000000
      vertex 256.109344 604.142090 0.000000
      vertex 257.429932 604.868042 0.000000
    endloop
  endfacet
  facet normal 0 0 1
    outer loop
      vertex 251.000000 615.000000 0.000000
      vertex 257.429932 604.868042 0.000000
      vertex 258.649078 605.753845 0.000000
    endloop
  endfacet
  facet normal 0 0 1
    outer loop
      vertex 251.000000 615.000000 0.000000
      vertex 258.649078 605.753845 0.000000
      vertex 259.747620 606.785461 0.000000
    endloop
  endfacet
  facet normal 0 0 1
    outer loop
      vertex 251.000000 615.000000 0.000000
      vertex 259.747620 606.785461 0.000000
      vertex 260.708221 607.946594 0.000000
    endloop
  endfacet
  facet normal 0 0 1
    outer loop
      vertex 251.000000 615.000000 0.000000
      vertex 260.708221 607.946594 0.000000
      vertex 261.515686 609.218933 0.000000
    endloop
  endfacet
  facet normal 0 0 1
    outer loop
      vertex 251.000000 615.000000 0.000000
      vertex 261.515686 609.218933 0.000000
      vertex 262.157318 610.582520 0.000000
    endloop
  endfacet
  facet normal 0 0 1
    outer loop
      vertex 251.000000 615.000000 0.000000
      vertex 262.157318 610.582520 0.000000
      vertex 262.622986 612.015747 0.000000
    endloop
  endfacet
  facet normal 0 0 1
    outer loop
      vertex 251.000000 615.000000 0.000000
      vertex 262.622986 612.015747 0.000000
      vertex 262.905365 613.496033 0.000000
    endloop
  endfacet
  facet normal 0 0 1
    outer loop
      vertex 251.000000 615.000000 0.000000
      vertex 262.905365 613.496033 0.000000
      vertex 263.000000 615.000000 0.000000
    endloop
  endfacet
  facet normal 0 0 1
    outer loop
      vertex 231.000000 613.500000 0.000000
      vertex 271.000000 613.500000 0.000000
      vertex 231.000000 616.500000 0.000000
    endloop
  endfacet
  facet normal 0 0 1
    outer loop
      vertex 231.000000 616.500000 0.000000
      vertex 271.000000 613.500000 0.000000
      vertex 271.000000 616.500000 0.000000
    endloop
  endfacet
  facet normal 0 0 1
    outer loop
      vertex 234.429489 603.700989 0.000000
      vertex 269.070496 623.700989 0.000000
      vertex 232.929489 606.299011 0.000000
    endloop
  endfacet
  facet normal 0 0 1
    outer loop
      vertex 232.929489 606.299011 0.000000
      vertex 269.070496 623.700989 0.000000
      vertex 267.570496 626.299011 0.000000
    endloop
  endfacet
  facet normal 0 0 1
    outer loop
      vertex 242.299042 596.929504 0.000000
      vertex 262.299042 631.570496 0.000000
      vertex 239.700958 598.429504 0.000000
    endloop
  endfacet
  facet normal 0 0 1
    outer loop
      vertex 239.700958 598.429504 0.000000
      vertex 262.299042 631.570496 0.000000
      vertex 259.700958 633.070496 0.000000
    endloop
  endfacet
  facet normal 0 0 1
    outer loop
      vertex 252.500000 595.000000 0.000000
      vertex 252.500000 635.000000 0.000000
      vertex 249.500000 595.000000 0.000000
    endloop
  endfacet
  facet normal 0 0 1
    outer loop
      vertex 249.500000 595.000000 0.000000
      vertex 252.500000 635.000000 0.000000
      vertex 249.500000 635.000000 0.000000
    endloop
  endfacet
  facet normal 0 0 1
    outer loop
      vertex 262.299042 598.429504 0.000000
      vertex 242.299042 633.070496 0.000000
      vertex 259.700958 596.929504 0.000000
    endloop
  endfacet
  facet normal 0 0 1
    outer loop
      vertex 259.700958 596.929504 0.000000
      vertex 242.299042 633.070496 0.000000
      vertex 239.700958 631.570496 0.000000
    endloop
  endfacet
  facet normal 0 0 1
    outer loop
      vertex 269.070496 606.299011 0.000000
      vertex 234.429489 626.299011 0.000000
      vertex 267.570496 603.700989 0.000000
    endloop
  endfacet
  facet normal 0 0 1
    outer loop
      vertex 267.570496 603.700989 0.000000
      vertex 234.429489 626.299011 0.000000
      vertex 232.929489 623.700989 0.000000
    endloop
  endfacet
  facet normal 0 0 1
    outer loop
      vertex 18.000000 904.000000 0.000000
      vertex 30.000000 904.000000 0.000000
      vertex 29.905376 905.504028 0.000000
    endloop
  endfacet
  facet normal 0 0 1
    outer loop
      vertex 18.000000 904.000000 0.000000
      vertex 29.905376 905.504028 0.000000
      vertex 29.622997 906.984253 0.000000
    endloop
  endfacet
  facet normal 0 0 1
    outer loop
      vertex 18.000000 904.000000 0.000000
      vertex 29.622997 906.984253 0.000000
      vertex 29.157318 908.417480 0.000000
    endloop
  endfacet
  facet normal 0 0 1
    outer loop
      vertex 18.000000 904.000000 0.000000
      vertex 29.157318 908.417480 0.000000
      vertex 28.515680 909.781067 0.000000
    endloop
  endfacet
  facet normal 0 0 1
    outer loop
      vertex 18.000000 904.000000 0.000000
      vertex 28.515680 909.781067 0.000000
      vertex 27.708204 911.053406 0.000000
    endloop
  endfacet
  facet normal 0 0 1
    outer loop
      vertex 18.000000 904.000000 0.000000
      vertex 27.708204 911.053406 0.000000
      vertex 26.747623 912.214539 0.000000
    endloop
  endfacet
  facet normal 0 0 1
    outer loop
      vertex 18.000000 904.000000 0.000000
      vertex 26.747623 912.214539 0.000000
      vertex 25.649088 913.246155 0.000000
    endloop
  endfacet
  facet normal 0 0 1
    outer loop
      vertex 18.000000 904.000000 0.000000
      vertex 25.649088 913.246155 0.000000
      vertex 24.429920 914.131958 0.000000
    endloop
  endfacet
  facet normal 0 0 1
    outer loop
      vertex 18.000000 904.000000 0.000000
      vertex 24.429920 914.131958 0.000000
      vertex 23.109350 914.857910 0.000000
    endloop
  endfacet
  facet normal 0 0 1
    outer loop
      vertex 18.000000 904.000000 0.000000
      vertex 23.109350 914.857910 0.000000
      vertex 21.708204 915.412659 0.000000
    endloop
  endfacet
  facet normal 0 0 1
    outer loop
      vertex 18.000000 904.000000 0.000000
      vertex 21.708204 915.412659 0.000000
      vertex 20.248575 915.787476 0.000000
    endloop
  endfacet
  facet normal 0 0 1
    outer loop
      vertex 18.000000 904.000000 0.000000
      vertex 20.248575 915.787476 0.000000
      vertex 18.753485 915.976318 0.000000
    endloop
  endfacet
  facet normal 0 0 1
    outer loop
      vertex 18.000000 904.000000 0.000000
      vertex 18.753485 915.976318 0.000000
      vertex 17.246513 915.976318 0.000000
    endloop
  endfacet
  facet normal 0 0 1
    outer loop
      vertex 18.000000 904.000000 0.000000
      vertex 17.246513 915.976318 0.000000
      vertex 15.751423 915.787476 0.000000
    endloop
  endfacet
  facet normal 0 0 1
    outer loop
      vertex 18.000000 904.000000 0.000000
      vertex 15.751423 915.787476 0.000000
      vertex 14.291796 915.412659 0.000000
    endloop
  endfacet
  facet normal 0 0 1
    outer loop
      vertex 18.000000 904.000000 0.000000
      vertex 14.291796 915.412659 0.000000
      vertex 12.890647 914.857910 0.000000
    endloop
  endfacet
  facet normal 0 0 1
    outer loop
      vertex 18.000000 904.000000 0.000000
      vertex 12.890647 914.857910 0.000000
      vertex 11.570077 914.131958 0.000000
    endloop
  endfacet
  facet normal 0 0 1
    outer loop
      vertex 18.000000 904.000000 0.000000
      vertex 11.570077 914.131958 0.000000
      vertex 10.350910 913.246155 0.000000
    endloop
  endfacet
  facet normal 0 0 1
    outer loop
      vertex 18.000000 904.000000 0.000000
      vertex 10.350910 913.246155 0.000000
      vertex 9.252377 912.214539 0.000000
    endloop
  endfacet
  facet normal 0 0 1
    outer loop
      vertex 18.000000 904.000000 0.000000
      vertex 9.252377 912.214539 0.000000
      vertex 8.291796 911.053406 0.000000
    endloop
  endfacet
  facet normal 0 0 1
    outer loop
      vertex 18.000000 904.000000 0.000000
      vertex 8.291796 911.053406 0.000000
      vertex 7.484319 909.781067 0.000000
    endloop
  endfacet
  facet normal 0 0 1
    outer loop
      vertex 18.000000 904.000000 0.000000
      vertex 7.484319 909.781067 0.000000
      vertex 6.842681 908.417480 0.000000
    endloop
  endfacet
  facet normal 0 0 1
    outer loop
      vertex 18.000000 904.000000 0.000000
      vertex 6.842681 908.417480 0.000000
      vertex 6.377001 906.984253 0.000000
    endloop
  endfacet
  facet normal 0 0 1
    outer loop
      vertex 18.000000 904.000000 0.000000
      vertex 6.377001 906.984253 0.000000
      vertex 6.094623 905.503967 0.000000
    endloop
  endfacet
  facet normal 0 0 1
    outer loop
      vertex 18.000000 904.000000 0.000000
      vertex 6.094623 905.503967 0.000000
      vertex 6.000000 904.000000 0.000000
    endloop
  endfacet
  facet normal 0 0 1
    outer loop
      vertex 18.000000 904.000000 0.000000
      vertex 6.000000 904.000000 0.000000
      vertex 6.094624 902.495972 0.000000
    endloop
  endfacet
  facet normal 0 0 1
    outer loop
      vertex 18.000000 904.000000 0.000000
      vertex 6.094624 902.495972 0.000000
      vertex 6.377003 901.015747 0.000000
    endloop
  endfacet
  facet normal 0 0 1
    outer loop
      vertex 18.000000 904.000000 0.000000
      vertex 6.377003 901.015747 0.000000
      vertex 6.842683 899.582520 0.000000
    endloop
  endfacet
  facet normal 0 0 1
    outer loop
      vertex 18.000000 904.000000 0.000000
      vertex 6.842683 899.582520 0.000000
      vertex 7.484322 898.218933 0.000000
    endloop
  endfacet
  facet normal 0 0 1
    outer loop
      vertex 18.000000 904.000000 0.000000
      vertex 7.484322 898.218933 0.000000
      vertex 8.291797 896.946594 0.000000
    endloop
  endfacet
  facet normal 0 0 1
    outer loop
      vertex 18.000000 904.000000 0.000000
      vertex 8.291797 896.946594 0.000000
      vertex 9.252378 895.785461 0.000000
    endloop
  endfacet
  facet normal 0 0 1
    outer loop
      vertex 18.000000 904.000000 0.000000
      vertex 9.252378 895.785461 0.000000
      vertex 10.350914 894.753845 0.000000
    endloop
  endfacet
  facet normal 0 0 1
    outer loop
      vertex 18.000000 904.000000 0.000000
      vertex 10.350914 894.753845 0.000000
      vertex 11.570081 893.868042 0.000000
    endloop
  endfacet
  facet normal 0 0 1
    outer loop
      vertex 18.000000 904.000000 0.000000
      vertex 11.570081 893.868042 0.000000
      vertex 12.890652 893.142090 0.000000
    endloop
  endfacet
  facet normal 0 0 1
    outer loop
      vertex 18.000000 904.000000 0.000000
      vertex 12.890652 893.142090 0.000000
      vertex 14.291800 892.587341 0.000000
    endloop
  endfacet
  facet normal 0 0 1
    outer loop
      vertex 18.000000 904.000000 0.000000
      vertex 14.291800 892.587341 0.000000
      vertex 15.751430 892.212524 0.000000
    endloop
  endfacet
  facet normal 0 0 1
    outer loop
      vertex 18.000000 904.000000 0.000000
      vertex 15.751430 892.212524 0.000000
      vertex 17.246519 892.023682 0.000000
    endloop
  endfacet
  facet normal 0 0 1
    outer loop
      vertex 18.000000 904.000000 0.000000
      vertex 17.246519 892.023682 0.000000
      vertex 18.753487 892.023682 0.000000
    endloop
  endfacet
  facet normal 0 0 1
    outer loop
      vertex 18.000000 904.000000 0.000000
      vertex 18.753487 892.023682 0.000000
      vertex 20.248577 892.212524 0.000000
    endloop
  endfacet
  facet normal 0 0 1
    outer loop
      vertex 18.000000 904.000000 0.000000
      vertex 20.248577 892.212524 0.000000
      vertex 21.708206 892.587341 0.000000
    endloop
  endfacet
  facet normal 0 0 1
    outer loop
      vertex 18.000000 904.000000 0.000000
      vertex 21.708206 892.587341 0.000000
      vertex 23.109354 893.142090 0.000000
    endloop
  endfacet
  facet normal 0 0 1
    outer loop
      vertex 18.000000 904.000000 0.000000
      vertex 23.109354 893.142090 0.000000
      vertex 24.429924 893.868042 0.000000
    endloop
  endfacet
  facet normal 0 0 1
    outer loop
      vertex 18.000000 904.000000 0.000000
      vertex 24.429924 893.868042 0.000000
      vertex 25.649090 894.753845 0.000000
    endloop
  endfacet
  facet normal 0 0 1
    outer loop
      vertex 18.000000 904.000000 0.000000
      vertex 25.649090 894.753845 0.000000
      vertex 26.747627 895.785461 0.000000
    endloop
  endfacet
  facet normal 0 0 1
    outer loop
      vertex 18.000000 904.000000 0.000000
      vertex 26.747627 895.785461 0.000000
      vertex 27.708206 896.946594 0.000000
    endloop
  endfacet
  facet normal 0 0 1
    outer loop
      vertex 18.000000 904.000000 0.000000
      vertex 27.708206 896.946594 0.000000
      vertex 28.515682 898.218933 0.000000
    endloop
  endfacet
  facet normal 0 0 1
    outer loop
      vertex 18.000000 904.000000 0.000000
      vertex 28.515682 898.218933 0.000000
      vertex 29.157320 899.582520 0.000000
    endloop
  endfacet
  facet normal 0 0 1
    outer loop
      vertex 18.000000 904.000000 0.000000
      vertex 29.157320 899.582520 0.000000
      vertex 29.622999 901.015747 0.000000
    endloop
  endfacet
  facet normal 0 0 1
    outer loop
      vertex 18.000000 904.000000 0.000000
      vertex 29.622999 901.015747 0.000000
      vertex 29.905376 902.496033 0.000000
    endloop
  endfacet
  facet normal 0 0 1
    outer loop
      vertex 18.000000 904.000000 0.000000
      vertex 29.905376 902.496033 0.000000
      vertex 30.000000 904.000000 0.000000
    endloop
  endfacet
  facet normal 0 0 1
    outer loop
      vertex -2.000000 902.500000 0.000000
      vertex 38.000000 902.500000 0.000000
      vertex -2.000000 905.500000 0.000000
    endloop
  endfacet
  facet normal 0 0 1
    outer loop
      vertex -2.000000 905.500000 0.000000
      vertex 38.000000 902.500000 0.000000
      vertex 38.000000 905.500000 0.000000
    endloop
  endfacet
  facet normal 0 0 1
    outer loop
      vertex 1.429493 892.700989 0.000000
      vertex 36.070507 912.700989 0.000000
      vertex -0.070507 895.299011 0.000000
    endloop
  endfacet
  facet normal 0 0 1
    outer loop
      vertex -0.070507 895.299011 0.000000
      vertex 36.070507 912.700989 0.000000
      vertex 34.570507 915.299011 0.000000
    endloop
  endfacet
  facet normal 0 0 1
    outer loop
      vertex 9.299039 885.929504 0.000000
      vertex 29.299038 920.570496 0.000000
      vertex 6.700963 887.429504 0.000000
    endloop
  endfacet
  facet normal 0 0 1
    outer loop
      vertex 6.700963 887.429504 0.000000
      vertex 29.299038 920.570496 0.000000
      vertex 26.700962 922.070496 0.000000
    endloop
  endfacet
  facet normal 0 0 1
    outer loop
      vertex 19.500000 884.000000 0.000000
      vertex 19.500000 924.000000 0.000000
      vertex 16.500000 884.000000 0.000000
    endloop
  endfacet
  facet normal 0 0 1
    outer loop
      vertex 16.500000 884.000000 0.000000
      vertex 19.500000 924.000000 0.000000
      vertex 16.500000 924.000000 0.000000
    endloop
  endfacet
  facet normal 0 0 1
    outer loop
      vertex 29.299038 887.429504 0.000000
      vertex 9.299037 922.070496 0.000000
      vertex 26.700962 885.929504 0.000000
    endloop
  endfacet
  facet normal 0 0 1
    outer loop
      vertex 26.700962 885.929504 0.000000
      vertex 9.299037 922.070496 0.000000
      vertex 6.700961 920.570496 0.000000
    endloop
  endfacet
  facet normal 0 0 1
    outer loop
      vertex 36.070507 895.299011 0.000000
      vertex 1.429493 915.299011 0.000000
      vertex 34.570507 892.700989 0.000000
    endloop
  endfacet
  facet normal 0 0 1
    outer loop
      vertex 34.570507 892.700989 0.000000
      vertex 1.429493 915.299011 0.000000
      vertex -0.070507 912.700989 0.000000
    endloop
  endfacet
  facet normal 0 0 1
    outer loop
      vertex 292.000000 878.000000 0.000000
      vertex 304.000000 878.000000 0.000000
      vertex 303.905365 879.504028 0.000000
    endloop
  endfacet
  facet normal 0 0 1
    outer loop
      vertex 292.000000 878.000000 0.000000
      vertex 303.905365 879.504028 0.000000
      vertex 303.622986 880.984253 0.000000
    endloop
  endfacet
  facet normal 0 0 1
    outer loop
      vertex 292.000000 878.000000 0.000000
      vertex 303.622986 880.984253 0.000000
      vertex 303.157318 882.417480 0.000000
    endloop
  endfacet
  facet normal 0 0 1
    outer loop
      vertex 292.000000 878.000000 0.000000
      vertex 303.157318 882.417480 0.000000
      vertex 302.515686 883.781067 0.000000
    endloop
  endfacet
  facet normal 0 0 1
    outer loop
      vertex 292.000000 878.000000 0.000000
      vertex 302.515686 883.781067 0.000000
      vertex 301.708191 885.053406 0.000000
    endloop
  endfacet
  facet normal 0 0 1
    outer loop
      vertex 292.000000 878.000000 0.000000
      vertex 301.708191 885.053406 0.000000
      vertex 300.747620 886.214539 0.000000
    endloop
  endfacet
  facet normal 0 0 1
    outer loop
      vertex 292.000000 878.000000 0.000000
      vertex 300.747620 886.214539 0.000000
      vertex 299.649078 887.246155 0.000000
    endloop
  endfacet
  facet normal 0 0 1
    outer loop
      vertex 292.000000 878.000000 0.000000
      vertex 299.649078 887.246155 0.000000
      vertex 298.429932 888.131958 0.000000
    endloop
  endfacet
  facet normal 0 0 1
    outer loop
      vertex 292.000000 878.000000 0.000000
      vertex 298.429932 888.131958 0.000000
      vertex 297.109344 888.857910 0.000000
    endloop
  endfacet
  facet normal 0 0 1
    outer loop
      vertex 292.000000 878.000000 0.000000
      vertex 297.109344 888.857910 0.000000
      vertex 295.708191 889.412659 0.000000
    endloop
  endfacet
  facet normal 0 0 1
    outer loop
      vertex 292.000000 878.000000 0.000000
      vertex 295.708191 889.412659 0.000000
      vertex 294.248566 889.787476 0.000000
    endloop
  endfacet
  facet normal 0 0 1
    outer loop
      vertex 292.000000 878.000000 0.000000
      vertex 294.248566 889.787476 0.000000
      vertex 292.753479 889.976318 0.000000
    endloop
  endfacet
  facet normal 0 0 1
    outer loop
      vertex 292.000000 878.000000 0.000000
      vertex 292.753479 889.976318 0.000000
      vertex 291.246521 889.976318 0.000000
    endloop
  endfacet
  facet normal 0 0 1
    outer loop
      vertex 292.000000 878.000000 0.000000
      vertex 291.246521 889.976318 0.000000
      vertex 289.751434 889.787476 0.000000
    endloop
  endfacet
  facet normal 0 0 1
    outer loop
      vertex 292.000000 878.000000 0.000000
      vertex 289.751434 889.787476 0.000000
      vertex 288.291809 889.412659 0.000000
    endloop
  endfacet
  facet normal 0 0 1
    outer loop
      vertex 292.000000 878.000000 0.000000
      vertex 288.291809 889.412659 0.000000
      vertex 286.890656 888.857910 0.000000
    endloop
  endfacet
  facet normal 0 0 1
    outer loop
      vertex 292.000000 878.000000 0.000000
      vertex 286.890656 888.857910 0.000000
      vertex 285.570068 888.131958 0.000000
    endloop
  endfacet
  facet normal 0 0 1
    outer loop
      vertex 292.000000 878.000000 0.000000
      vertex 285.570068 888.131958 0.000000
      vertex 284.350922 887.246155 0.000000
    endloop
  endfacet
  facet normal 0 0 1
    outer loop
      vertex 292.000000 878.000000 0.000000
      vertex 284.350922 887.246155 0.000000
      vertex 283.252380 886.214539 0.000000
    endloop
  endfacet
  facet normal 0 0 1
    outer loop
      vertex 292.000000 878.000000 0.000000
      vertex 283.252380 886.214539 0.000000
      vertex 282.291809 885.053406 0.000000
    endloop
  endfacet
  facet normal 0 0 1
    outer loop
      vertex 292.000000 878.000000 0.000000
      vertex 282.291809 885.053406 0.000000
      vertex 281.484314 883.781067 0.000000
    endloop
  endfacet
  facet normal 0 0 1
    outer loop
      vertex 292.000000 878.000000 0.000000
      vertex 281.484314 883.781067 0.000000
      vertex 280.842682 882.417480 0.000000
    endloop
  endfacet
  facet normal 0 0 1
    outer loop
      vertex 292.000000 878.000000 0.000000
      vertex 280.842682 882.417480 0.000000
      vertex 280.377014 880.984253 0.000000
    endloop
  endfacet
  facet normal 0 0 1
    outer loop
      vertex 292.000000 878.000000 0.000000
      vertex 280.377014 880.984253 0.000000
      vertex 280.094635 879.503967 0.000000
    endloop
  endfacet
  facet normal 0 0 1
    outer loop
      vertex 292.000000 878.000000 0.000000
      vertex 280.094635 879.503967 0.000000
      vertex 280.000000 878.000000 0.000000
    endloop
  endfacet
  facet normal 0 0 1
    outer loop
      vertex 292.000000 878.000000 0.000000
      vertex 280.000000 878.000000 0.000000
      vertex 280.094635 876.495972 0.000000
    endloop
  endfacet
  facet normal 0 0 1
    outer loop
      vertex 292.000000 878.000000 0.000000
      vertex 280.094635 876.495972 0.000000
      vertex 280.377014 875.015747 0.000000
    endloop
  endfacet
  facet normal 0 0 1
    outer loop
      vertex 292.000000 878.000000 0.000000
      vertex 280.377014 875.015747 0.000000
      vertex 280.842682 873.582520 0.000000
    endloop
  endfacet
  facet normal 0 0 1
    outer loop
      vertex 292.000000 878.000000 0.000000
      vertex 280.842682 873.582520 0.000000
      vertex 281.484314 872.218933 0.000000
    endloop
  endfacet
  facet normal 0 0 1
    outer loop
      vertex 292.000000 878.000000 0.000000
      vertex 281.484314 872.218933 0.000000
      vertex 282.291809 870.946594 0.000000
    endloop
  endfacet
  facet normal 0 0 1
    outer loop
      vertex 292.000000 878.000000 0.000000
      vertex 282.291809 870.946594 0.000000
      vertex 283.252380 869.785461 0.000000
    endloop
  endfacet
  facet normal 0 0 1
    outer loop
      vertex 292.000000 878.000000 0.000000
      vertex 283.252380 869.785461 0.000000
      vertex 284.350922 868.753845 0.000000
    endloop
  endfacet
  facet normal 0 0 1
    outer loop
      vertex 292.000000 878.000000 0.000000
      vertex 284.350922 868.753845 0.000000
      vertex 285.570068 867.868042 0.000000
    endloop
  endfacet
  facet normal 0 0 1
    outer loop
      vertex 292.000000 878.000000 0.000000
      vertex 285.570068 867.868042 0.000000
      vertex 286.890656 867.142090 0.000000
    endloop
  endfacet
  facet normal 0 0 1
    outer loop
      vertex 292.000000 878.000000 0.000000
      vertex 286.890656 867.142090 0.000000
      vertex 288.291809 866.587341 0.000000
    endloop
  endfacet
  facet normal 0 0 1
    outer loop
      vertex 292.000000 878.000000 0.000000
      vertex 288.291809 866.587341 0.000000
      vertex 289.751434 866.212524 0.000000
    endloop
  endfacet
  facet normal 0 0 1
    outer loop
      vertex 292.000000 878.000000 0.000000
      vertex 289.751434 866.212524 0.000000
      vertex 291.246521 866.023682 0.000000
    endloop
  endfacet
  facet normal 0 0 1
    outer loop
      vertex 292.000000 878.000000 0.000000
      vertex 291.246521 866.023682 0.000000
      vertex 292.753479 866.023682 0.000000
    endloop
  endfacet
  facet normal 0 0 1
    outer loop
      vertex 292.000000 878.000000 0.000000
      vertex 292.753479 866.023682 0.000000
      vertex 294.248566 866.212524 0.000000
    endloop
  endfacet
  facet normal 0 0 1
    outer loop
      vertex 292.000000 878.000000 0.000000
      vertex 294.248566 866.212524 0.000000
      vertex 295.708191 866.587341 0.000000
    endloop
  endfacet
  facet normal 0 0 1
    outer loop
      vertex 292.000000 878.000000 0.000000
      vertex 295.708191 866.587341 0.000000
      vertex 297.109344 867.142090 0.000000
    endloop
  endfacet
  facet normal 0 0 1
    outer loop
      vertex 292.000000 878.000000 0.000000
      vertex 297.109344 867.142090 0.000000
      vertex 298.429932 867.868042 0.000000
    endloop
  endfacet
  facet normal 0 0 1
    outer loop
      vertex 292.000000 878.000000 0.000000
      vertex 298.429932 867.868042 0.000000
      vertex 299.649078 868.753845 0.000000
    endloop
  endfacet
  facet normal 0 0 1
    outer loop
      vertex 292.000000 878.000000 0.000000
      vertex 299.649078 868.753845 0.000000
      vertex 300.747620 869.785461 0.000000
    endloop
  endfacet
  facet normal 0 0 1
    outer loop
      vertex 292.000000 878.000000 0.000000
      vertex 300.747620 869.785461 0.000000
      vertex 301.708221 870.946594 0.000000
    endloop
  endfacet
  facet normal 0 0 1
    outer loop
      vertex 292.000000 878.000000 0.000000
      vertex 301.708221 870.946594 0.000000
      vertex 302.515686 872.218933 0.000000
    endloop
  endfacet
  facet normal 0 0 1
    outer loop
      vertex 292.000000 878.000000 0.000000
      vertex 302.515686 872.218933 0.000000
      vertex 303.157318 873.582520 0.000000
    endloop
  endfacet
  facet normal 0 0 1
    outer loop
      vertex 292.000000 878.000000 0.000000
      vertex 303.157318 873.582520 0.000000
      vertex 303.622986 875.015747 0.000000
    endloop
  endfacet
  facet normal 0 0 1
    outer loop
      vertex 292.000000 878.000000 0.000000
      vertex 303.622986 875.015747 0.000000
      vertex 303.905365 876.496033 0.000000
    endloop
  endfacet
  facet normal 0 0 1
    outer loop
      vertex 292.000000 878.000000 0.000000
      vertex 303.905365 876.496033 0.000000
      vertex 304.000000 878.000000 0.000000
    endloop
  endfacet
  facet normal 0 0 1
    outer loop
      vertex 272.000000 876.500000 0.000000
      vertex 312.000000 876.500000 0.000000
      vertex 272.000000 879.500000 0.000000
    endloop
  endfacet
  facet normal 0 0 1
    outer loop
      vertex 272.000000 879.500000 0.000000
      vertex 312.000000 876.500000 0.000000
      vertex 312.000000 879.500000 0.000000
    endloop
  endfacet
  facet normal 0 0 1
    outer loop
      vertex 275.429504 866.700989 0.000000
      vertex 310.070496 886.700989 0.000000
      vertex 273.929504 869.299011 0.000000
    endloop
  endfacet
  facet normal 0 0 1
    outer loop
      vertex 273.929504 869.299011 0.000000
      vertex 310.070496 886.700989 0.000000
      vertex 308.570496 889.299011 0.000000
    endloop
  endfacet
  facet normal 0 0 1
    outer loop
      vertex 283.299042 859.929504 0.000000
      vertex 303.299042 894.570496 0.000000
      vertex 280.700958 861.429504 0.000000
    endloop
  endfacet
  facet normal 0 0 1
    outer loop
      vertex 280.700958 861.429504 0.000000
      vertex 303.299042 894.570496 0.000000
      vertex 300.700958 896.070496 0.000000
    endloop
  endfacet
  facet normal 0 0 1
    outer loop
      vertex 293.500000 858.000000 0.000000
      vertex 293.500000 898.000000 0.000000
      vertex 290.500000 858.000000 0.000000
    endloop
  endfacet
  facet normal 0 0 1
    outer loop
      vertex 290.500000 858.000000 0.000000
      vertex 293.500000 898.000000 0.000000
      vertex 290.500000 898.000000 0.000000
    endloop
  endfacet
  facet normal 0 0 1
    outer loop
      vertex 303.299042 861.429504 0.000000
      vertex 283.299042 896.070496 0.000000
      vertex 300.700958 859.929504 0.000000
    endloop
  endfacet
  facet normal 0 0 1
    outer loop
      vertex 300.700958 859.929504 0.000000
      vertex 283.299042 896.070496 0.000000
      vertex 280.700958 894.570496 0.000000
    endloop
  endfacet
  facet normal 0 0 1
    outer loop
      vertex 310.070496 869.299011 0.000000
      vertex 275.429504 889.299011 0.000000
      vertex 308.570496 866.700989 0.000000
    endloop
  endfacet
  facet normal 0 0 1
    outer loop
      vertex 308.570496 866.700989 0.000000
      vertex 275.429504 889.299011 0.000000
      vertex 273.929504 886.700989 0.000000
    endloop
  endfacet
  facet normal 0 0 1
    outer loop
      vertex 670.000000 874.000000 0.000000
      vertex 682.000000 874.000000 0.000000
      vertex 681.905396 875.504028 0.000000
    endloop
  endfacet
  facet normal 0 0 1
    outer loop
      vertex 670.000000 874.000000 0.000000
      vertex 681.905396 875.504028 0.000000
      vertex 681.622986 876.984253 0.000000
    endloop
  endfacet
  facet normal 0 0 1
    outer loop
      vertex 670.000000 874.000000 0.000000
      vertex 681.622986 876.984253 0.000000
      vertex 681.157288 878.417480 0.000000
    endloop
  endfacet
  facet normal 0 0 1
    outer loop
      vertex 670.000000 874.000000 0.000000
      vertex 681.157288 878.417480 0.000000
      vertex 680.515686 879.781067 0.000000
    endloop
  endfacet
  facet normal 0 0 1
    outer loop
      vertex 670.000000 874.000000 0.000000
      vertex 680.515686 879.781067 0.000000
      vertex 679.708191 881.053406 0.000000
    endloop
  endfacet
  facet normal 0 0 1
    outer loop
      vertex 670.000000 874.000000 0.000000
      vertex 679.708191 881.053406 0.000000
      vertex 678.747620 882.214539 0.000000
    endloop
  endfacet
  facet normal 0 0 1
    outer loop
      vertex 670.000000 874.000000 0.000000
      vertex 678.747620 882.214539 0.000000
      vertex 677.649109 883.246155 0.000000
    endloop
  endfacet
  facet normal 0 0 1
    outer loop
      vertex 670.000000 874.000000 0.000000
      vertex 677.649109 883.246155 0.000000
      vertex 676.429932 884.131958 0.000000
    endloop
  endfacet
  facet normal 0 0 1
    outer loop
      vertex 670.000000 874.000000 0.000000
      vertex 676.429932 884.131958 0.000000
      vertex 675.109375 884.857910 0.000000
    endloop
  endfacet
  facet normal 0 0 1
    outer loop
      vertex 670.000000 874.000000 0.000000
      vertex 675.109375 884.857910 0.000000
      vertex 673.708191 885.412659 0.000000
    endloop
  endfacet
  facet normal 0 0 1
    outer loop
      vertex 670.000000 874.000000 0.000000
      vertex 673.708191 885.412659 0.000000
      vertex 672.248596 885.787476 0.000000
    endloop
  endfacet
  facet normal 0 0 1
    outer loop
      vertex 670.000000 874.000000 0.000000
      vertex 672.248596 885.787476 0.000000
      vertex 670.753479 885.976318 0.000000
    endloop
  endfacet
  facet normal 0 0 1
    outer loop
      vertex 670.000000 874.000000 0.000000
      vertex 670.753479 885.976318 0.000000
      vertex 669.246521 885.976318 0.000000
    endloop
  endfacet
  facet normal 0 0 1
    outer loop
      vertex 670.000000 874.000000 0.000000
      vertex 669.246521 885.976318 0.000000
      vertex 667.751404 885.787476 0.000000
    endloop
  endfacet
  facet normal 0 0 1
    outer loop
      vertex 670.000000 874.000000 0.000000
      vertex 667.751404 885.787476 0.000000
      vertex 666.291809 885.412659 0.000000
    endloop
  endfacet
  facet normal 0 0 1
    outer loop
      vertex 670.000000 874.000000 0.000000
      vertex 666.291809 885.412659 0.000000
      vertex 664.890625 884.857910 0.000000
    endloop
  endfacet
  facet normal 0 0 1
    outer loop
      vertex 670.000000 874.000000 0.000000
      vertex 664.890625 884.857910 0.000000
      vertex 663.570068 884.131958 0.000000
    endloop
  endfacet
  facet normal 0 0 1
    outer loop
      vertex 670.000000 874.000000 0.000000
      vertex 663.570068 884.131958 0.000000
      vertex 662.350891 883.246155 0.000000
    endloop
  endfacet
  facet normal 0 0 1
    outer loop
      vertex 670.000000 874.000000 0.000000
      vertex 662.350891 883.246155 0.000000
      vertex 661.252380 882.214539 0.000000
    endloop
  endfacet
  facet normal 0 0 1
    outer loop
      vertex 670.000000 874.000000 0.000000
      vertex 661.252380 882.214539 0.000000
      vertex 660.291809 881.053406 0.000000
    endloop
  endfacet
  facet normal 0 0 1
    outer loop
      vertex 670.000000 874.000000 0.000000
      vertex 660.291809 881.053406 0.000000
      vertex 659.484314 879.781067 0.000000
    endloop
  endfacet
  facet normal 0 0 1
    outer loop
      vertex 670.000000 874.000000 0.000000
      vertex 659.484314 879.781067 0.000000
      vertex 658.842651 878.417480 0.000000
    endloop
  endfacet
  facet normal 0 0 1
    outer loop
      vertex 670.000000 874.000000 0.000000
      vertex 658.842651 878.417480 0.000000
      vertex 658.377014 876.984253 0.000000
    endloop
  endfacet
  facet normal 0 0 1
    outer loop
      vertex 670.000000 874.000000 0.000000
      vertex 658.377014 876.984253 0.000000
      vertex 658.094604 875.503967 0.000000
    endloop
  endfacet
  facet normal 0 0 1
    outer loop
      vertex 670.000000 874.000000 0.000000
      vertex 658.094604 875.503967 0.000000
      vertex 658.000000 874.000000 0.000000
    endloop
  endfacet
  facet normal 0 0 1
    outer loop
      vertex 670.000000 874.000000 0.000000
      vertex 658.000000 874.000000 0.000000
      vertex 658.094604 872.495972 0.000000
    endloop
  endfacet
  facet normal 0 0 1
    outer loop
      vertex 670.000000 874.000000 0.000000
      vertex 658.094604 872.495972 0.000000
      vertex 658.377014 871.015747 0.000000
    endloop
  endfacet
  facet normal 0 0 1
    outer loop
      vertex 670.000000 874.000000 0.000000
      vertex 658.377014 871.015747 0.000000
      vertex 658.842712 869.582520 0.000000
    endloop
  endfacet
  facet normal 0 0 1
    outer loop
      vertex 670.000000 874.000000 0.000000
      vertex 658.842712 869.582520 0.000000
      vertex 659.484314 868.218933 0.000000
    endloop
  endfacet
  facet normal 0 0 1
    outer loop
      vertex 670.000000 874.000000 0.000000
      vertex 659.484314 868.218933 0.000000
      vertex 660.291809 866.946594 0.000000
    endloop
  endfacet
  facet normal 0 0 1
    outer loop
      vertex 670.000000 874.000000 0.000000
      vertex 660.291809 866.946594 0.000000
      vertex 661.252380 865.785461 0.000000
    endloop
  endfacet
  facet normal 0 0 1
    outer loop
      vertex 670.000000 874.000000 0.000000
      vertex 661.252380 865.785461 0.000000
      vertex 662.350891 864.753845 0.000000
    endloop
  endfacet
  facet normal 0 0 1
    outer loop
      vertex 670.000000 874.000000 0.000000
      vertex 662.350891 864.753845 0.000000
      vertex 663.570068 863.868042 0.000000
    endloop
  endfacet
  facet normal 0 0 1
    outer loop
      vertex 670.000000 874.000000 0.000000
      vertex 663.570068 863.868042 0.000000
      vertex 664.890625 863.142090 0.000000
    endloop
  endfacet
  facet normal 0 0 1
    outer loop
      vertex 670.000000 874.000000 0.000000
      vertex 664.890625 863.142090 0.000000
      vertex 666.291809 862.587341 0.000000
    endloop
  endfacet
  facet normal 0 0 1
    outer loop
      vertex 670.000000 874.000000 0.000000
      vertex 666.291809 862.587341 0.000000
      vertex 667.751404 862.212524 0.000000
    endloop
  endfacet
  facet normal 0 0 1
    outer loop
      vertex 670.000000 874.000000 0.000000
      vertex 667.751404 862.212524 0.000000
      vertex 669.246521 862.023682 0.000000
    endloop
  endfacet
  facet normal 0 0 1
    outer loop
      vertex 670.000000 874.000000 0.000000
      vertex 669.246521 862.023682 0.000000
      vertex 670.753479 862.023682 0.000000
    endloop
  endfacet
  facet normal 0 0 1
    outer loop
      vertex 670.000000 874.000000 0.000000
      vertex 670.753479 862.023682 0.000000
      vertex 672.248596 862.212524 0.000000
    endloop
  endfacet
  facet normal 0 0 1
    outer loop
      vertex 670.000000 874.000000 0.000000
      vertex 672.248596 862.212524 0.000000
      vertex 673.708191 862.587341 0.000000
    endloop
  endfacet
  facet normal 0 0 1
    outer loop
      vertex 670.000000 874.000000 0.000000
      vertex 673.708191 862.587341 0.000000
      vertex 675.109375 863.142090 0.000000
    endloop
  endfacet
  facet normal 0 0 1
    outer loop
      vertex 670.000000 874.000000 0.000000
      vertex 675.109375 863.142090 0.000000
      vertex 676.429932 863.868042 0.000000
    endloop
  endfacet
  facet normal 0 0 1
    outer loop
      vertex 670.000000 874.000000 0.000000
      vertex 676.429932 863.868042 0.000000
      vertex 677.649109 864.753845 0.000000
    endloop
  endfacet
  facet normal 0 0 1
    outer loop
      vertex 670.000000 874.000000 0.000000
      vertex 677.649109 864.753845 0.000000
      vertex 678.747620 865.785461 0.000000
    endloop
  endfacet
  facet normal 0 0 1
    outer loop
      vertex 670.000000 874.000000 0.000000
      vertex 678.747620 865.785461 0.000000
      vertex 679.708191 866.946594 0.000000
    endloop
  endfacet
  facet normal 0 0 1
    outer loop
      vertex 670.000000 874.000000 0.000000
      vertex 679.708191 866.946594 0.000000
      vertex 680.515686 868.218933 0.000000
    endloop
  endfacet
  facet normal 0 0 1
    outer loop
      vertex 670.000000 874.000000 0.000000
      vertex 680.515686 868.218933 0.000000
      vertex 681.157349 869.582520 0.000000
    endloop
  endfacet
  facet normal 0 0 1
    outer loop
      vertex 670.000000 874.000000 0.000000
      vertex 681.157349 869.582520 0.000000
      vertex 681.622986 871.015747 0.000000
    endloop
  endfacet
  facet normal 0 0 1
    outer loop
      vertex 670.000000 874.000000 0.000000
      vertex 681.622986 871.015747 0.000000
      vertex 681.905396 872.496033 0.000000
    endloop
  endfacet
  facet normal 0 0 1
    outer loop
      vertex 670.000000 874.000000 0.000000
      vertex 681.905396 872.496033 0.000000
      vertex 682.000000 874.000000 0.000000
    endloop
  endfacet
  facet normal 0 0 1
    outer loop
      vertex 650.000000 872.500000 0.000000
      vertex 690.000000 872.500000 0.000000
      vertex 650.000000 875.500000 0.000000
    endloop
  endfacet
  facet normal 0 0 1
    outer loop
      vertex 650.000000 875.500000 0.000000
      vertex 690.000000 872.500000 0.000000
      vertex 690.000000 875.500000 0.000000
    endloop
  endfacet
  facet normal 0 0 1
    outer loop
      vertex 653.429504 862.700989 0.000000
      vertex 688.070496 882.700989 0.000000
      vertex 651.929504 865.299011 0.000000
    endloop
  endfacet
  facet normal 0 0 1
    outer loop
      vertex 651.929504 865.299011 0.000000
      vertex 688.070496 882.700989 0.000000
      vertex 686.570496 885.299011 0.000000
    endloop
  endfacet
  facet normal 0 0 1
    outer loop
      vertex 661.299011 855.929504 0.000000
      vertex 681.299011 890.570496 0.000000
      vertex 658.700989 857.429504 0.000000
    endloop
  endfacet
  facet normal 0 0 1
    outer loop
      vertex 658.700989 857.429504 0.000000
      vertex 681.299011 890.570496 0.000000
      vertex 678.700989 892.070496 0.000000
    endloop
  endfacet
  facet normal 0 0 1
    outer loop
      vertex 671.500000 854.000000 0.000000
      vertex 671.500000 894.000000 0.000000
      vertex 668.500000 854.000000 0.000000
    endloop
  endfacet
  facet normal 0 0 1
    outer loop
      vertex 668.500000 854.000000 0.000000
      vertex 671.500000 894.000000 0.000000
      vertex 668.500000 894.000000 0.000000
    endloop
  endfacet
  facet normal 0 0 1
    outer loop
      vertex 681.299011 857.429504 0.000000
      vertex 661.299011 892.070496 0.000000
      vertex 678.700989 855.929504 0.000000
    endloop
  endfacet
  facet normal 0 0 1
    outer loop
      vertex 678.700989 855.929504 0.000000
      vertex 661.299011 892.070496 0.000000
      vertex 658.700989 890.570496 0.000000
    endloop
  endfacet
  facet normal 0 0 1
    outer loop
      vertex 688.070496 865.299011 0.000000
      vertex 653.429504 885.299011 0.000000
      vertex 686.570496 862.700989 0.000000
    endloop
  endfacet
  facet normal 0 0 1
    outer loop
      vertex 686.570496 862.700989 0.000000
      vertex 653.429504 885.299011 0.000000
      vertex 651.929504 882.700989 0.000000
    endloop
  endfacet
  facet normal 0 0 1
    outer loop
      vertex 451.000000 987.000000 0.000000
      vertex 463.000000 987.000000 0.000000
      vertex 462.905365 988.504028 0.000000
    endloop
  endfacet
  facet normal 0 0 1
    outer loop
      vertex 451.000000 987.000000 0.000000
      vertex 462.905365 988.504028 0.000000
      vertex 462.622986 989.984253 0.000000
    endloop
  endfacet
  facet normal 0 0 1
    outer loop
      vertex 451.000000 987.000000 0.000000
      vertex 462.622986 989.984253 0.000000
      vertex 462.157318 991.417480 0.000000
    endloop
  endfacet
  facet normal 0 0 1
    outer loop
      vertex 451.000000 987.000000 0.000000
      vertex 462.157318 991.417480 0.000000
      vertex 461.515686 992.781067 0.000000
    endloop
  endfacet
  facet normal 0 0 1
    outer loop
      vertex 451.000000 987.000000 0.000000
      vertex 461.515686 992.781067 0.000000
      vertex 460.708191 994.053406 0.000000
    endloop
  endfacet
  facet normal 0 0 1
    outer loop
      vertex 451.000000 987.000000 0.000000
      vertex 460.708191 994.053406 0.000000
      vertex 459.747620 995.214539 0.000000
    endloop
  endfacet
  facet normal 0 0 1
    outer loop
      vertex 451.000000 987.000000 0.000000
      vertex 459.747620 995.214539 0.000000
      vertex 458.649078 996.246155 0.000000
    endloop
  endfacet
  facet normal 0 0 1
    outer loop
      vertex 451.000000 987.000000 0.000000
      vertex 458.649078 996.246155 0.000000
      vertex 457.429932 997.131958 0.000000
    endloop
  endfacet
  facet normal 0 0 1
    outer loop
      vertex 451.000000 987.000000 0.000000
      vertex 457.429932 997.131958 0.000000
      vertex 456.109344 997.857910 0.000000
    endloop
  endfacet
  facet normal 0 0 1
    outer loop
      vertex 451.000000 987.000000 0.000000
      vertex 456.109344 997.857910 0.000000
      vertex 454.708191 998.412659 0.000000
    endloop
  endfacet
  facet normal 0 0 1
    outer loop
      vertex 451.000000 987.000000 0.000000
      vertex 454.708191 998.412659 0.000000
      vertex 453.248566 998.787476 0.000000
    endloop
  endfacet
  facet normal 0 0 1
    outer loop
      vertex 451.000000 987.000000 0.000000
      vertex 453.248566 998.787476 0.000000
      vertex 451.753479 998.976318 0.000000
    endloop
  endfacet
  facet normal 0 0 1
    outer loop
      vertex 451.000000 987.000000 0.000000
      vertex 451.753479 998.976318 0.000000
      vertex 450.246521 998.976318 0.000000
    endloop
  endfacet
  facet normal 0 0 1
    outer loop
      vertex 451.000000 987.000000 0.000000
      vertex 450.246521 998.976318 0.000000
      vertex 448.751434 998.787476 0.000000
    endloop
  endfacet
  facet normal 0 0 1
    outer loop
      vertex 451.000000 987.000000 0.000000
      vertex 448.751434 998.787476 0.000000
      vertex 447.291809 998.412659 0.000000
    endloop
  endfacet
  facet normal 0 0 1
    outer loop
      vertex 451.000000 987.000000 0.000000
      vertex 447.291809 998.412659 0.000000
      vertex 445.890656 997.857910 0.000000
    endloop
  endfacet
  facet normal 0 0 1
    outer loop
      vertex 451.000000 987.000000 0.000000
      vertex 445.890656 997.857910 0.000000
      vertex 444.570068 997.131958 0.000000
    endloop
  endfacet
  facet normal 0 0 1
    outer loop
      vertex 451.000000 987.000000 0.000000
      vertex 444.570068 997.131958 0.000000
      vertex 443.350922 996.246155 0.000000
    endloop
  endfacet
  facet normal 0 0 1
    outer loop
      vertex 451.000000 987.000000 0.000000
      vertex 443.350922 996.246155 0.000000
      vertex 442.252380 995.214539 0.000000
    endloop
  endfacet
  facet normal 0 0 1
    outer loop
      vertex 451.000000 987.000000 0.000000
      vertex 442.252380 995.214539 0.000000
      vertex 441.291809 994.053406 0.000000
    endloop
  endfacet
  facet normal 0 0 1
    outer loop
      vertex 451.000000 987.000000 0.000000
      vertex 441.291809 994.053406 0.000000
      vertex 440.484314 992.781067 0.000000
    endloop
  endfacet
  facet normal 0 0 1
    outer loop
      vertex 451.000000 987.000000 0.000000
      vertex 440.484314 992.781067 0.000000
      vertex 439.842682 991.417480 0.000000
    endloop
  endfacet
  facet normal 0 0 1
    outer loop
      vertex 451.000000 987.000000 0.000000
      vertex 439.842682 991.417480 0.000000
      vertex 439.377014 989.984253 0.000000
    endloop
  endfacet
  facet normal 0 0 1
    outer loop
      vertex 451.000000 987.000000 0.000000
      vertex 439.377014 989.984253 0.000000
      vertex 439.094635 988.503967 0.000000
    endloop
  endfacet
  facet normal 0 0 1
    outer loop
      vertex 451.000000 987.000000 0.000000
      vertex 439.094635 988.503967 0.000000
      vertex 439.000000 987.000000 0.000000
    endloop
  endfacet
  facet normal 0 0 1
    outer loop
      vertex 451.000000 987.000000 0.000000
      vertex 439.000000 987.000000 0.000000
      vertex 439.094635 985.495972 0.000000
    endloop
  endfacet
  facet normal 0 0 1
    outer loop
      vertex 451.000000 987.000000 0.000000
      vertex 439.094635 985.495972 0.000000
      vertex 439.377014 984.015747 0.000000
    endloop
  endfacet
  facet normal 0 0 1
    outer loop
      vertex 451.000000 987.000000 0.000000
      vertex 439.377014 984.015747 0.000000
      vertex 439.842682 982.582520 0.000000
    endloop
  endfacet
  facet normal 0 0 1
    outer loop
      vertex 451.000000 987.000000 0.000000
      vertex 439.842682 982.582520 0.000000
      vertex 440.484314 981.218933 0.000000
    endloop
  endfacet
  facet normal 0 0 1
    outer loop
      vertex 451.000000 987.000000 0.000000
      vertex 440.484314 981.218933 0.000000
      vertex 441.291809 979.946594 0.000000
    endloop
  endfacet
  facet normal 0 0 1
    outer loop
      vertex 451.000000 987.000000 0.000000
      vertex 441.291809 979.946594 0.000000
      vertex 442.252380 978.785461 0.000000
    endloop
  endfacet
  facet normal 0 0 1
    outer loop
      vertex 451.000000 987.000000 0.000000
      vertex 442.252380 978.785461 0.000000
      vertex 443.350922 977.753845 0.000000
    endloop
  endfacet
  facet normal 0 0 1
    outer loop
      vertex 451.000000 987.000000 0.000000
      vertex 443.350922 977.753845 0.000000
      vertex 444.570068 976.868042 0.000000
    endloop
  endfacet
  facet normal 0 0 1
    outer loop
      vertex 451.000000 987.000000 0.000000
      vertex 444.570068 976.868042 0.000000
      vertex 445.890656 976.142090 0.000000
    endloop
  endfacet
  facet normal 0 0 1
    outer loop
      vertex 451.000000 987.000000 0.000000
      vertex 445.890656 976.142090 0.000000
      vertex 447.291809 975.587341 0.000000
    endloop
  endfacet
  facet normal 0 0 1
    outer loop
      vertex 451.000000 987.000000 0.000000
      vertex 447.291809 975.587341 0.000000
      vertex 448.751434 975.212524 0.000000
    endloop
  endfacet
  facet normal 0 0 1
    outer loop
      vertex 451.000000 987.000000 0.000000
      vertex 448.751434 975.212524 0.000000
      vertex 450.246521 975.023682 0.000000
    endloop
  endfacet
  facet normal 0 0 1
    outer loop
      vertex 451.000000 987.000000 0.000000
      vertex 450.246521 975.023682 0.000000
      vertex 451.753479 975.023682 0.000000
    endloop
  endfacet
  facet normal 0 0 1
    outer loop
      vertex 451.000000 987.000000 0.000000
      vertex 451.753479 975.023682 0.000000
      vertex 453.248566 975.212524 0.000000
    endloop
  endfacet
  facet normal 0 0 1
    outer loop
      vertex 451.000000 987.000000 0.000000
      vertex 453.248566 975.212524 0.000000
      vertex 454.708191 975.587341 0.000000
    endloop
  endfacet
  facet normal 0 0 1
    outer loop
      vertex 451.000000 987.000000 0.000000
      vertex 454.708191 975.587341 0.000000
      vertex 456.109344 976.142090 0.000000
    endloop
  endfacet
  facet normal 0 0 1
    outer loop
      vertex 451.000000 987.000000 0.000000
      vertex 456.109344 976.142090 0.000000
      vertex 457.429932 976.868042 0.000000
    endloop
  endfacet
  facet normal 0 0 1
    outer loop
      vertex 451.000000 987.000000 0.000000
      vertex 457.429932 976.868042 0.000000
      vertex 458.649078 977.753845 0.000000
    endloop
  endfacet
  facet normal 0 0 1
    outer loop
      vertex 451.000000 987.000000 0.000000
      vertex 458.649078 977.753845 0.000000
      vertex 459.747620 978.785461 0.000000
    endloop
  endfacet
  facet normal 0 0 1
    outer loop
      vertex 451.000000 987.000000 0.000000
      vertex 459.747620 978.785461 0.000000
      vertex 460.708221 979.946594 0.000000
    endloop
  endfacet
  facet normal 0 0 1
    outer loop
      vertex 451.000000 987.000000 0.000000
      vertex 460.708221 979.946594 0.000000
      vertex 461.515686 981.218933 0.000000
    endloop
  endfacet
  facet normal 0 0 1
    outer loop
      vertex 451.000000 987.000000 0.000000
      vertex 461.515686 981.218933 0.000000
      vertex 462.157318 982.582520 0.000000
    endloop
  endfacet
  facet normal 0 0 1
    outer loop
      vertex 451.000000 987.000000 0.000000
      vertex 462.157318 982.582520 0.000000
      vertex 462.622986 984.015747 0.000000
    endloop
  endfacet
  facet normal 0 0 1
    outer loop
      vertex 451.000000 987.000000 0.000000
      vertex 462.622986 984.015747 0.000000
      vertex 462.905365 985.496033 0.000000
    endloop
  endfacet
  facet normal 0 0 1
    outer loop
      vertex 451.000000 987.000000 0.000000
      vertex 462.905365 985.496033 0.000000
      vertex 463.000000 987.000000 0.000000
    endloop
  endfacet
  facet normal 0 0 1
    outer loop
      vertex 431.000000 985.500000 0.000000
      vertex 471.000000 985.500000 0.000000
      vertex 431.000000 988.500000 0.000000
    endloop
  endfacet
  facet normal 0 0 1
    outer loop
      vertex 431.000000 988.500000 0.000000
      vertex 471.000000 985.500000 0.000000
      vertex 471.000000 988.500000 0.000000
    endloop
  endfacet
  facet normal 0 0 1
    outer loop
      vertex 434.429504 975.700989 0.000000
      vertex 469.070496 995.700989 0.000000
      vertex 432.929504 978.299011 0.000000
    endloop
  endfacet
  facet normal 0 0 1
    outer loop
      vertex 432.929504 978.299011 0.000000
      vertex 469.070496 995.700989 0.000000
      vertex 467.570496 998.299011 0.000000
    endloop
  endfacet
  facet normal 0 0 1
    outer loop
      vertex 442.299042 968.929504 0.000000
      vertex 462.299042 1003.570496 0.000000
      vertex 439.700958 970.429504 0.000000
    endloop
  endfacet
  facet normal 0 0 1
    outer loop
      vertex 439.700958 970.429504 0.000000
      vertex 462.299042 1003.570496 0.000000
      vertex 459.700958 1005.070496 0.000000
    endloop
  endfacet
  facet normal 0 0 1
    outer loop
      vertex 452.500000 967.000000 0.000000
      vertex 452.500000 1007.000000 0.000000
      vertex 449.500000 967.000000 0.000000
    endloop
  endfacet
  facet normal 0 0 1
    outer loop
      vertex 449.500000 967.000000 0.000000
      vertex 452.500000 1007.000000 0.000000
      vertex 449.500000 1007.000000 0.000000
    endloop
  endfacet
  facet normal 0 0 1
    outer loop
      vertex 462.299042 970.429504 0.000000
      vertex 442.299042 1005.070496 0.000000
      vertex 459.700958 968.929504 0.000000
    endloop
  endfacet
  facet normal 0 0 1
    outer loop
      vertex 459.700958 968.929504 0.000000
      vertex 442.299042 1005.070496 0.000000
      vertex 439.700958 1003.570496 0.000000
    endloop
  endfacet
  facet normal 0 0 1
    outer loop
      vertex 469.070496 978.299011 0.000000
      vertex 434.429504 998.299011 0.000000
      vertex 467.570496 975.700989 0.000000
    endloop
  endfacet
  facet normal 0 0 1
    outer loop
      vertex 467.570496 975.700989 0.000000
      vertex 434.429504 998.299011 0.000000
      vertex 432.929504 995.700989 0.000000
    endloop
  endfacet
  facet normal 0 0 1
    outer loop
      vertex 684.000000 847.000000 0.000000
      vertex 696.000000 847.000000 0.000000
      vertex 695.905396 848.504028 0.000000
    endloop
  endfacet
  facet normal 0 0 1
    outer loop
      vertex 684.000000 847.000000 0.000000
      vertex 695.905396 848.504028 0.000000
      vertex 695.622986 849.984253 0.000000
    endloop
  endfacet
  facet normal 0 0 1
    outer loop
      vertex 684.000000 847.000000 0.000000
      vertex 695.622986 849.984253 0.000000
      vertex 695.157288 851.417480 0.000000
    endloop
  endfacet
  facet normal 0 0 1
    outer loop
      vertex 684.000000 847.000000 0.000000
      vertex 695.157288 851.417480 0.000000
      vertex 694.515686 852.781067 0.000000
    endloop
  endfacet
  facet normal 0 0 1
    outer loop
      vertex 684.000000 847.000000 0.000000
      vertex 694.515686 852.781067 0.000000
      vertex 693.708191 854.053406 0.000000
    endloop
  endfacet
  facet normal 0 0 1
    outer loop
      vertex 684.000000 847.000000 0.000000
      vertex 693.708191 854.053406 0.000000
      vertex 692.747620 855.214539 0.000000
    endloop
  endfacet
  facet normal 0 0 1
    outer loop
      vertex 684.000000 847.000000 0.000000
      vertex 692.747620 855.214539 0.000000
      vertex 691.649109 856.246155 0.000000
    endloop
  endfacet
  facet normal 0 0 1
    outer loop
      vertex 684.000000 847.000000 0.000000
      vertex 691.649109 856.246155 0.000000
      vertex 690.429932 857.131958 0.000000
    endloop
  endfacet
  facet normal 0 0 1
    outer loop
      vertex 684.000000 847.000000 0.000000
      vertex 690.429932 857.131958 0.000000
      vertex 689.109375 857.857910 0.000000
    endloop
  endfacet
  facet normal 0 0 1
    outer loop
      vertex 684.000000 847.000000 0.000000
      vertex 689.109375 857.857910 0.000000
      vertex 687.708191 858.412659 0.000000
    endloop
  endfacet
  facet normal 0 0 1
    outer loop
      vertex 684.000000 847.000000 0.000000
      vertex 687.708191 858.412659 0.000000
      vertex 686.248596 858.787476 0.000000
    endloop
  endfacet
  facet normal 0 0 1
    outer loop
      vertex 684.000000 847.000000 0.000000
      vertex 686.248596 858.787476 0.000000
      vertex 684.753479 858.976318 0.000000
    endloop
  endfacet
  facet normal 0 0 1
    outer loop
      vertex 684.000000 847.000000 0.000000
      vertex 684.753479 858.976318 0.000000
      vertex 683.246521 858.976318 0.000000
    endloop
  endfacet
  facet normal 0 0 1
    outer loop
      vertex 684.000000 847.000000 0.000000
      vertex 683.246521 858.976318 0.000000
      vertex 681.751404 858.787476 0.000000
    endloop
  endfacet
  facet normal 0 0 1
    outer loop
      vertex 684.000000 847.000000 0.000000
      vertex 681.751404 858.787476 0.000000
      vertex 680.291809 858.412659 0.000000
    endloop
  endfacet
  facet normal 0 0 1
    outer loop
      vertex 684.000000 847.000000 0.000000
      vertex 680.291809 858.412659 0.000000
      vertex 678.890625 857.857910 0.000000
    endloop
  endfacet
  facet normal 0 0 1
    outer loop
      vertex 684.000000 847.000000 0.000000
      vertex 678.890625 857.857910 0.000000
      vertex 677.570068 857.131958 0.000000
    endloop
  endfacet
  facet normal 0 0 1
    outer loop
      vertex 684.000000 847.000000 0.000000
      vertex 677.570068 857.131958 0.000000
      vertex 676.350891 856.246155 0.000000
    endloop
  endfacet
  facet normal 0 0 1
    outer loop
      vertex 684.000000 847.000000 0.000000
      vertex 676.350891 856.246155 0.000000
      vertex 675.252380 855.214539 0.000000
    endloop
  endfacet
  facet normal 0 0 1
    outer loop
      vertex 684.000000 847.000000 0.000000
      vertex 675.252380 855.214539 0.000000
      vertex 674.291809 854.053406 0.000000
    endloop
  endfacet
  facet normal 0 0 1
    outer loop
      vertex 684.000000 847.000000 0.000000
      vertex 674.291809 854.053406 0.000000
      vertex 673.484314 852.781067 0.000000
    endloop
  endfacet
  facet normal 0 0 1
    outer loop
      vertex 684.000000 847.000000 0.000000
      vertex 673.484314 852.781067 0.000000
      vertex 672.842651 851.417480 0.000000
    endloop
  endfacet
  facet normal 0 0 1
    outer loop
      vertex 684.000000 847.000000 0.000000
      vertex 672.842651 851.417480 0.000000
      vertex 672.377014 849.984253 0.000000
    endloop
  endfacet
  facet normal 0 0 1
    outer loop
      vertex 684.000000 847.000000 0.000000
      vertex 672.377014 849.984253 0.000000
      vertex 672.094604 848.503967 0.000000
    endloop
  endfacet
  facet normal 0 0 1
    outer loop
      vertex 684.000000 847.000000 0.000000
      vertex 672.094604 848.503967 0.000000
      vertex 672.000000 847.000000 0.000000
    endloop
  endfacet
  facet normal 0 0 1
    outer loop
      vertex 684.000000 847.000000 0.000000
      vertex 672.000000 847.000000 0.000000
      vertex 672.094604 845.495972 0.000000
    endloop
  endfacet
  facet normal 0 0 1
    outer loop
      vertex 684.000000 847.000000 0.000000
      vertex 672.094604 845.495972 0.000000
      vertex 672.377014 844.015747 0.000000
    endloop
  endfacet
  facet normal 0 0 1
    outer loop
      vertex 684.000000 847.000000 0.000000
      vertex 672.377014 844.015747 0.000000
      vertex 672.842712 842.582520 0.000000
    endloop
  endfacet
  facet normal 0 0 1
    outer loop
      vertex 684.000000 847.000000 0.000000
      vertex 672.842712 842.582520 0.000000
      vertex 673.484314 841.218933 0.000000
    endloop
  endfacet
  facet normal 0 0 1
    outer loop
      vertex 684.000000 847.000000 0.000000
      vertex 673.484314 841.218933 0.000000
      vertex 674.291809 839.946594 0.000000
    endloop
  endfacet
  facet normal 0 0 1
    outer loop
      vertex 684.000000 847.000000 0.000000
      vertex 674.291809 839.946594 0.000000
      vertex 675.252380 838.785461 0.000000
    endloop
  endfacet
  facet normal 0 0 1
    outer loop
      vertex 684.000000 847.000000 0.000000
      vertex 675.252380 838.785461 0.000000
      vertex 676.350891 837.753845 0.000000
    endloop
  endfacet
  facet normal 0 0 1
    outer loop
      vertex 684.000000 847.000000 0.000000
      vertex 676.350891 837.753845 0.000000
      vertex 677.570068 836.868042 0.000000
    endloop
  endfacet
  facet normal 0 0 1
    outer loop
      vertex 684.000000 847.000000 0.000000
      vertex 677.570068 836.868042 0.000000
      vertex 678.890625 836.142090 0.000000
    endloop
  endfacet
  facet normal 0 0 1
    outer loop
      vertex 684.000000 847.000000 0.000000
      vertex 678.890625 836.142090 0.000000
      vertex 680.291809 835.587341 0.000000
    endloop
  endfacet
  facet normal 0 0 1
    outer loop
      vertex 684.000000 847.000000 0.000000
      vertex 680.291809 835.587341 0.000000
      vertex 681.751404 835.212524 0.000000
    endloop
  endfacet
  facet normal 0 0 1
    outer loop
      vertex 684.000000 847.000000 0.000000
      vertex 681.751404 835.212524 0.000000
      vertex 683.246521 835.023682 0.000000
    endloop
  endfacet
  facet normal 0 0 1
    outer loop
      vertex 684.000000 847.000000 0.000000
      vertex 683.246521 835.023682 0.000000
      vertex 684.753479 835.023682 0.000000
    endloop
  endfacet
  facet normal 0 0 1
    outer loop
      vertex 684.000000 847.000000 0.000000
      vertex 684.753479 835.023682 0.000000
      vertex 686.248596 835.212524 0.000000
    endloop
  endfacet
  facet normal 0 0 1
    outer loop
      vertex 684.000000 847.000000 0.000000
      vertex 686.248596 835.212524 0.000000
      vertex 687.708191 835.587341 0.000000
    endloop
  endfacet
  facet normal 0 0 1
    outer loop
      vertex 684.000000 847.000000 0.000000
      vertex 687.708191 835.587341 0.000000
      vertex 689.109375 836.142090 0.000000
    endloop
  endfacet
  facet normal 0 0 1
    outer loop
      vertex 684.000000 847.000000 0.000000
      vertex 689.109375 836.142090 0.000000
      vertex 690.429932 836.868042 0.000000
    endloop
  endfacet
  facet normal 0 0 1
    outer loop
      vertex 684.000000 847.000000 0.000000
      vertex 690.429932 836.868042 0.000000
      vertex 691.649109 837.753845 0.000000
    endloop
  endfacet
  facet normal 0 0 1
    outer loop
      vertex 684.000000 847.000000 0.000000
      vertex 691.649109 837.753845 0.000000
      vertex 692.747620 838.785461 0.000000
    endloop
  endfacet
  facet normal 0 0 1
    outer loop
      vertex 684.000000 847.000000 0.000000
      vertex 692.747620 838.785461 0.000000
      vertex 693.708191 839.946594 0.000000
    endloop
  endfacet
  facet normal 0 0 1
    outer loop
      vertex 684.000000 847.000000 0.000000
      vertex 693.708191 839.946594 0.000000
      vertex 694.515686 841.218933 0.000000
    endloop
  endfacet
  facet normal 0 0 1
    outer loop
      vertex 684.000000 847.000000 0.000000
      vertex 694.515686 841.218933 0.000000
      vertex 695.157349 842.582520 0.000000
    endloop
  endfacet
  facet normal 0 0 1
    outer loop
      vertex 684.000000 847.000000 0.000000
      vertex 695.157349 842.582520 0.000000
      vertex 695.622986 844.015747 0.000000
    endloop
  endfacet
  facet normal 0 0 1
    outer loop
      vertex 684.000000 847.000000 0.000000
      vertex 695.622986 844.015747 0.000000
      vertex 695.905396 845.496033 0.000000
    endloop
  endfacet
  facet normal 0 0 1
    outer loop
      vertex 684.000000 847.000000 0.000000
      vertex 695.905396 845.496033 0.000000
      vertex 696.000000 847.000000 0.000000
    endloop
  endfacet
  facet normal 0 0 1
    outer loop
      vertex 664.000000 845.500000 0.000000
      vertex 704.000000 845.500000 0.000000
      vertex 664.000000 848.500000 0.000000
    endloop
  endfacet
  facet normal 0 0 1
    outer loop
      vertex 664.000000 848.500000 0.000000
      vertex 704.000000 845.500000 0.000000
      vertex 704.000000 848.500000 0.000000
    endloop
  endfacet
  facet normal 0 0 1
    outer loop
      vertex 667.429504 835.700989 0.000000
      vertex 702.070496 855.700989 0.000000
      vertex 665.929504 838.299011 0.000000
    endloop
  endfacet
  facet normal 0 0 1
    outer loop
      vertex 665.929504 838.299011 0.000000
      vertex 702.070496 855.700989 0.000000
      vertex 700.570496 858.299011 0.000000
    endloop
  endfacet
  facet normal 0 0 1
    outer loop
      vertex 675.299011 828.929504 0.000000
      vertex 695.299011 863.570496 0.000000
      vertex 672.700989 830.429504 0.000000
    endloop
  endfacet
  facet normal 0 0 1
    outer loop
      vertex 672.700989 830.429504 0.000000
      vertex 695.299011 863.570496 0.000000
      vertex 692.700989 865.070496 0.000000
    endloop
  endfacet
  facet normal 0 0 1
    outer loop
      vertex 685.500000 827.000000 0.000000
      vertex 685.500000 867.000000 0.000000
      vertex 682.500000 827.000000 0.000000
    endloop
  endfacet
  facet normal 0 0 1
    outer loop
      vertex 682.500000 827.000000 0.000000
      vertex 685.500000 867.000000 0.000000
      vertex 682.500000 867.000000 0.000000
    endloop
  endfacet
  facet normal 0 0 1
    outer loop
      vertex 695.299011 830.429504 0.000000
      vertex 675.299011 865.070496 0.000000
      vertex 692.700989 828.929504 0.000000
    endloop
  endfacet
  facet normal 0 0 1
    outer loop
      vertex 692.700989 828.929504 0.000000
      vertex 675.299011 865.070496 0.000000
      vertex 672.700989 863.570496 0.000000
    endloop
  endfacet
  facet normal 0 0 1
    outer loop
      vertex 702.070496 838.299011 0.000000
      vertex 667.429504 858.299011 0.000000
      vertex 700.570496 835.700989 0.000000
    endloop
  endfacet
  facet normal 0 0 1
    outer loop
      vertex 700.570496 835.700989 0.000000
      vertex 667.429504 858.299011 0.000000
      vertex 665.929504 855.700989 0.000000
    endloop
  endfacet
  facet normal 0 0 1
    outer loop
      vertex 405.000000 925.000000 0.000000
      vertex 417.000000 925.000000 0.000000
      vertex 416.905365 926.504028 0.000000
    endloop
  endfacet
  facet normal 0 0 1
    outer loop
      vertex 405.000000 925.000000 0.000000
      vertex 416.905365 926.504028 0.000000
      vertex 416.622986 927.984253 0.000000
    endloop
  endfacet
  facet normal 0 0 1
    outer loop
      vertex 405.000000 925.000000 0.000000
      vertex 416.622986 927.984253 0.000000
      vertex 416.157318 929.417480 0.000000
    endloop
  endfacet
  facet normal 0 0 1
    outer loop
      vertex 405.000000 925.000000 0.000000
      vertex 416.157318 929.417480 0.000000
      vertex 415.515686 930.781067 0.000000
    endloop
  endfacet
  facet normal 0 0 1
    outer loop
      vertex 405.000000 925.000000 0.000000
      vertex 415.515686 930.781067 0.000000
      vertex 414.708191 932.053406 0.000000
    endloop
  endfacet
  facet normal 0 0 1
    outer loop
      vertex 405.000000 925.000000 0.000000
      vertex 414.708191 932.053406 0.000000
      vertex 413.747620 933.214539 0.000000
    endloop
  endfacet
  facet normal 0 0 1
    outer loop
      vertex 405.000000 925.000000 0.000000
      vertex 413.747620 933.214539 0.000000
      vertex 412.649078 934.246155 0.000000
    endloop
  endfacet
  facet normal 0 0 1
    outer loop
      vertex 405.000000 925.000000 0.000000
      vertex 412.649078 934.246155 0.000000
      vertex 411.429932 935.131958 0.000000
    endloop
  endfacet
  facet normal 0 0 1
    outer loop
      vertex 405.000000 925.000000 0.000000
      vertex 411.429932 935.131958 0.000000
      vertex 410.109344 935.857910 0.000000
    endloop
  endfacet
  facet normal 0 0 1
    outer loop
      vertex 405.000000 925.000000 0.000000
      vertex 410.109344 935.857910 0.000000
      vertex 408.708191 936.412659 0.000000
    endloop
  endfacet
  facet normal 0 0 1
    outer loop
      vertex 405.000000 925.000000 0.000000
      vertex 408.708191 936.412659 0.000000
      vertex 407.248566 936.787476 0.000000
    endloop
  endfacet
  facet normal 0 0 1
    outer loop
      vertex 405.000000 925.000000 0.000000
      vertex 407.248566 936.787476 0.000000
      vertex 405.753479 936.976318 0.000000
    endloop
  endfacet
  facet normal 0 0 1
    outer loop
      vertex 405.000000 925.000000 0.000000
      vertex 405.753479 936.976318 0.000000
      vertex 404.246521 936.976318 0.000000
    endloop
  endfacet
  facet normal 0 0 1
    outer loop
      vertex 405.000000 925.000000 0.000000
      vertex 404.246521 936.976318 0.000000
      vertex 402.751434 936.787476 0.000000
    endloop
  endfacet
  facet normal 0 0 1
    outer loop
      vertex 405.000000 925.000000 0.000000
      vertex 402.751434 936.787476 0.000000
      vertex 401.291809 936.412659 0.000000
    endloop
  endfacet
  facet normal 0 0 1
    outer loop
      vertex 405.000000 925.000000 0.000000
      vertex 401.291809 936.412659 0.000000
      vertex 399.890656 935.857910 0.000000
    endloop
  endfacet
  facet normal 0 0 1
    outer loop
      vertex 405.000000 925.000000 0.000000
      vertex 399.890656 935.857910 0.000000
      vertex 398.570068 935.131958 0.000000
    endloop
  endfacet
  facet normal 0 0 1
    outer loop
      vertex 405.000000 925.000000 0.000000
      vertex 398.570068 935.131958 0.000000
      vertex 397.350922 934.246155 0.000000
    endloop
  endfacet
  facet normal 0 0 1
    outer loop
      vertex 405.000000 925.000000 0.000000
      vertex 397.350922 934.246155 0.000000
      vertex 396.252380 933.214539 0.000000
    endloop
  endfacet
  facet normal 0 0 1
    outer loop
      vertex 405.000000 925.000000 0.000000
      vertex 396.252380 933.214539 0.000000
      vertex 395.291809 932.053406 0.000000
    endloop
  endfacet
  facet normal 0 0 1
    outer loop
      vertex 405.000000 925.000000 0.000000
      vertex 395.291809 932.053406 0.000000
      vertex 394.484314 930.781067 0.000000
    endloop
  endfacet
  facet normal 0 0 1
    outer loop
      vertex 405.000000 925.000000 0.000000
      vertex 394.484314 930.781067 0.000000
      vertex 393.842682 929.417480 0.000000
    endloop
  endfacet
  facet normal 0 0 1
    outer loop
      vertex 405.000000 925.000000 0.000000
      vertex 393.842682 929.417480 0.000000
      vertex 393.377014 927.984253 0.000000
    endloop
  endfacet
  facet normal 0 0 1
    outer loop
      vertex 405.000000 925.000000 0.000000
      vertex 393.377014 927.984253 0.000000
      vertex 393.094635 926.503967 0.000000
    endloop
  endfacet
  facet normal 0 0 1
    outer loop
      vertex 405.000000 925.000000 0.000000
      vertex 393.094635 926.503967 0.000000
      vertex 393.000000 925.000000 0.000000
    endloop
  endfacet
  facet normal 0 0 1
    outer loop
      vertex 405.000000 925.000000 0.000000
      vertex 393.000000 925.000000 0.000000
      vertex 393.094635 923.495972 0.000000
    endloop
  endfacet
  facet normal 0 0 1
    outer loop
      vertex 405.000000 925.000000 0.000000
      vertex 393.094635 923.495972 0.000000
      vertex 393.377014 922.015747 0.000000
    endloop
  endfacet
  facet normal 0 0 1
    outer loop
      vertex 405.000000 925.000000 0.000000
      vertex 393.377014 922.015747 0.000000
      vertex 393.842682 920.582520 0.000000
    endloop
  endfacet
  facet normal 0 0 1
    outer loop
      vertex 405.000000 925.000000 0.000000
      vertex 393.842682 920.582520 0.000000
      vertex 394.484314 919.218933 0.000000
    endloop
  endfacet
  facet normal 0 0 1
    outer loop
      vertex 405.000000 925.000000 0.000000
      vertex 394.484314 919.218933 0.000000
      vertex 395.291809 917.946594 0.000000
    endloop
  endfacet
  facet normal 0 0 1
    outer loop
      vertex 405.000000 925.000000 0.000000
      vertex 395.291809 917.946594 0.000000
      vertex 396.252380 916.785461 0.000000
    endloop
  endfacet
  facet normal 0 0 1
    outer loop
      vertex 405.000000 925.000000 0.000000
      vertex 396.252380 916.785461 0.000000
      vertex 397.350922 915.753845 0.000000
    endloop
  endfacet
  facet normal 0 0 1
    outer loop
      vertex 405.000000 925.000000 0.000000
      vertex 397.350922 915.753845 0.000000
      vertex 398.570068 914.868042 0.000000
    endloop
  endfacet
  facet normal 0 0 1
    outer loop
      vertex 405.000000 925.000000 0.000000
      vertex 398.570068 914.868042 0.000000
      vertex 399.890656 914.142090 0.000000
    endloop
  endfacet
  facet normal 0 0 1
    outer loop
      vertex 405.000000 925.000000 0.000000
      vertex 399.890656 914.142090 0.000000
      vertex 401.291809 913.587341 0.000000
    endloop
  endfacet
  facet normal 0 0 1
    outer loop
      vertex 405.000000 925.000000 0.000000
      vertex 401.291809 913.587341 0.000000
      vertex 402.751434 913.212524 0.000000
    endloop
  endfacet
  facet normal 0 0 1
    outer loop
      vertex 405.000000 925.000000 0.000000
      vertex 402.751434 913.212524 0.000000
      vertex 404.246521 913.023682 0.000000
    endloop
  endfacet
  facet normal 0 0 1
    outer loop
      vertex 405.000000 925.000000 0.000000
      vertex 404.246521 913.023682 0.000000
      vertex 405.753479 913.023682 0.000000
    endloop
  endfacet
  facet normal 0 0 1
    outer loop
      vertex 405.000000 925.000000 0.000000
      vertex 405.753479 913.023682 0.000000
      vertex 407.248566 913.212524 0.000000
    endloop
  endfacet
  facet normal 0 0 1
    outer loop
      vertex 405.000000 925.000000 0.000000
      vertex 407.248566 913.212524 0.000000
      vertex 408.708191 913.587341 0.000000
    endloop
  endfacet
  facet normal 0 0 1
    outer loop
      vertex 405.000000 925.000000 0.000000
      vertex 408.708191 913.587341 0.000000
      vertex 410.109344 914.142090 0.000000
    endloop
  endfacet
  facet normal 0 0 1
    outer loop
      vertex 405.000000 925.000000 0.000000
      vertex 410.109344 914.142090 0.000000
      vertex 411.429932 914.868042 0.000000
    endloop
  endfacet
  facet normal 0 0 1
    outer loop
      vertex 405.000000 925.000000 0.000000
      vertex 411.429932 914.868042 0.000000
      vertex 412.649078 915.753845 0.000000
    endloop
  endfacet
  facet normal 0 0 1
    outer loop
      vertex 405.000000 925.000000 0.000000
      vertex 412.649078 915.753845 0.000000
      vertex 413.747620 916.785461 0.000000
    endloop
  endfacet
  facet normal 0 0 1
    outer loop
      vertex 405.000000 925.000000 0.000000
      vertex 413.747620 916.785461 0.000000
      vertex 414.708221 917.946594 0.000000
    endloop
  endfacet
  facet normal 0 0 1
    outer loop
      vertex 405.000000 925.000000 0.000000
      vertex 414.708221 917.946594 0.000000
      vertex 415.515686 919.218933 0.000000
    endloop
  endfacet
  facet normal 0 0 1
    outer loop
      vertex 405.000000 925.000000 0.000000
      vertex 415.515686 919.218933 0.000000
      vertex 416.157318 920.582520 0.000000
    endloop
  endfacet
  facet normal 0 0 1
    outer loop
      vertex 405.000000 925.000000 0.000000
      vertex 416.157318 920.582520 0.000000
      vertex 416.622986 922.015747 0.000000
    endloop
  endfacet
  facet normal 0 0 1
    outer loop
      vertex 405.000000 925.000000 0.000000
      vertex 416.622986 922.015747 0.000000
      vertex 416.905365 923.496033 0.000000
    endloop
  endfacet
  facet normal 0 0 1
    outer loop
      vertex 405.000000 925.000000 0.000000
      vertex 416.905365 923.496033 0.000000
      vertex 417.000000 925.000000 0.000000
    endloop
  endfacet
  facet normal 0 0 1
    outer loop
      vertex 385.000000 923.500000 0.000000
      vertex 425.000000 923.500000 0.000000
      vertex 385.000000 926.500000 0.000000
    endloop
  endfacet
  facet normal 0 0 1
    outer loop
      vertex 385.000000 926.500000 0.000000
      vertex 425.000000 923.500000 0.000000
      vertex 425.000000 926.500000 0.000000
    endloop
  endfacet
  facet normal 0 0 1
    outer loop
      vertex 388.429504 913.700989 0.000000
      vertex 423.070496 933.700989 0.000000
      vertex 386.929504 916.299011 0.000000
    endloop
  endfacet
  facet normal 0 0 1
    outer loop
      vertex 386.929504 916.299011 0.000000
      vertex 423.070496 933.700989 0.000000
      vertex 421.570496 936.299011 0.000000
    endloop
  endfacet
  facet normal 0 0 1
    outer loop
      vertex 396.299042 906.929504 0.000000
      vertex 416.299042 941.570496 0.000000
      vertex 393.700958 908.429504 0.000000
    endloop
  endfacet
  facet normal 0 0 1
    outer loop
      vertex 393.700958 908.429504 0.000000
      vertex 416.299042 941.570496 0.000000
      vertex 413.700958 943.070496 0.000000
    endloop
  endfacet
  facet normal 0 0 1
    outer loop
      vertex 406.500000 905.000000 0.000000
      vertex 406.500000 945.000000 0.000000
      vertex 403.500000 905.000000 0.000000
    endloop
  endfacet
  facet normal 0 0 1
    outer loop
      vertex 403.500000 905.000000 0.000000
      vertex 406.500000 945.000000 0.000000
      vertex 403.500000 945.000000 0.000000
    endloop
  endfacet
  facet normal 0 0 1
    outer loop
      vertex 416.299042 908.429504 0.000000
      vertex 396.299042 943.070496 0.000000
      vertex 413.700958 906.929504 0.000000
    endloop
  endfacet
  facet normal 0 0 1
    outer loop
      vertex 413.700958 906.929504 0.000000
      vertex 396.299042 943.070496 0.000000
      vertex 393.700958 941.570496 0.000000
    endloop
  endfacet
  facet normal 0 0 1
    outer loop
      vertex 423.070496 916.299011 0.000000
      vertex 388.429504 936.299011 0.000000
      vertex 421.570496 913.700989 0.000000
    endloop
  endfacet
  facet normal 0 0 1
    outer loop
      vertex 421.570496 913.700989 0.000000
      vertex 388.429504 936.299011 0.000000
      vertex 386.929504 933.700989 0.000000
    endloop
  endfacet
  facet normal 0 0 1
    outer loop
      vertex 50.000000 300.000000 0.000000
      vertex 80.000000 300.000000 0.000000
      vertex 50.000000 450.000000 0.000000
    endloop
  endfacet
  facet normal 0 0 1
    outer loop
      vertex 50.000000 450.000000 0.000000
      vertex 80.000000 300.000000 0.000000
      vertex 80.000000 450.000000 0.000000
    endloop
  endfacet
  facet normal 0 0 1
    outer loop
      vertex 50.000000 450.000000 0.000000
      vertex 80.000000 450.000000 0.000000
      vertex 65.000000 525.000000 0.000000
    endloop
  endfacet
  facet normal 0 0 1
    outer loop
      vertex 50.000000 280.000000 0.000000
      vertex 60.000000 280.000000 0.000000
      vertex 55.000000 320.000000 0.000000
    endloop
  endfacet
  facet normal 0 0 1
    outer loop
      vertex 60.000000 280.000000 0.000000
      vertex 70.000000 280.000000 0.000000
      vertex 65.000000 320.000000 0.000000
    endloop
  endfacet
  facet normal 0 0 1
    outer loop
      vertex 70.000000 280.000000 0.000000
      vertex 80.000000 280.000000 0.000000
      vertex 75.000000 320.000000 0.000000
    endloop
  endfacet
  facet normal 0 0 1
    outer loop
      vertex 116.000000 180.000000 0.000000
      vertex 148.000000 180.000000 0.000000
      vertex 147.747665 184.010666 0.000000
    endloop
  endfacet
  facet normal 0 0 1
    outer loop
      vertex 116.000000 180.000000 0.000000
      vertex 147.747665 184.010666 0.000000
      vertex 146.994659 187.958084 0.000000
    endloop
  endfacet
  facet normal 0 0 1
    outer loop
      vertex 116.000000 180.000000 0.000000
      vertex 146.994659 187.958084 0.000000
      vertex 145.752853 191.779984 0.000000
    endloop
  endfacet
  facet normal 0 0 1
    outer loop
      vertex 116.000000 180.000000 0.000000
      vertex 145.752853 191.779984 0.000000
      vertex 144.041809 195.416122 0.000000
    endloop
  endfacet
  facet normal 0 0 1
    outer loop
      vertex 116.000000 180.000000 0.000000
      vertex 144.041809 195.416122 0.000000
      vertex 141.888550 198.809128 0.000000
    endloop
  endfacet
  facet normal 0 0 1
    outer loop
      vertex 116.000000 180.000000 0.000000
      vertex 141.888550 198.809128 0.000000
      vertex 139.326996 201.905502 0.000000
    endloop
  endfacet
  facet normal 0 0 1
    outer loop
      vertex 116.000000 180.000000 0.000000
      vertex 139.326996 201.905502 0.000000
      vertex 136.397568 204.656418 0.000000
    endloop
  endfacet
  facet normal 0 0 1
    outer loop
      vertex 116.000000 180.000000 0.000000
      vertex 136.397568 204.656418 0.000000
      vertex 133.146454 207.018494 0.000000
    endloop
  endfacet
  facet normal 0 0 1
    outer loop
      vertex 116.000000 180.000000 0.000000
      vertex 133.146454 207.018494 0.000000
      vertex 129.624939 208.954468 0.000000
    endloop
  endfacet
  facet normal 0 0 1
    outer loop
      vertex 116.000000 180.000000 0.000000
      vertex 129.624939 208.954468 0.000000
      vertex 125.888542 210.433807 0.000000
    endloop
  endfacet
  facet normal 0 0 1
    outer loop
      vertex 116.000000 180.000000 0.000000
      vertex 125.888542 210.433807 0.000000
      vertex 121.996201 211.433197 0.000000
    endloop
  endfacet
  facet normal 0 0 1
    outer loop
      vertex 116.000000 180.000000 0.000000
      vertex 121.996201 211.433197 0.000000
      vertex 118.009293 211.936859 0.000000
    endloop
  endfacet
  facet normal 0 0 1
    outer loop
      vertex 116.000000 180.000000 0.000000
      vertex 118.009293 211.936859 0.000000
      vertex 113.990700 211.936859 0.000000
    endloop
  endfacet
  facet normal 0 0 1
    outer loop
      vertex 116.000000 180.000000 0.000000
      vertex 113.990700 211.936859 0.000000
      vertex 110.003792 211.433197 0.000000
    endloop
  endfacet
  facet normal 0 0 1
    outer loop
      vertex 116.000000 180.000000 0.000000
      vertex 110.003792 211.433197 0.000000
      vertex 106.111458 210.433807 0.000000
    endloop
  endfacet
  facet normal 0 0 1
    outer loop
      vertex 116.000000 180.000000 0.000000
      vertex 106.111458 210.433807 0.000000
      vertex 102.375061 208.954468 0.000000
    endloop
  endfacet
  facet normal 0 0 1
    outer loop
      vertex 116.000000 180.000000 0.000000
      vertex 102.375061 208.954468 0.000000
      vertex 98.853539 207.018494 0.000000
    endloop
  endfacet
  facet normal 0 0 1
    outer loop
      vertex 116.000000 180.000000 0.000000
      vertex 98.853539 207.018494 0.000000
      vertex 95.602425 204.656418 0.000000
    endloop
  endfacet
  facet normal 0 0 1
    outer loop
      vertex 116.000000 180.000000 0.000000
      vertex 95.602425 204.656418 0.000000
      vertex 92.673004 201.905502 0.000000
    endloop
  endfacet
  facet normal 0 0 1
    outer loop
      vertex 116.000000 180.000000 0.000000
      vertex 92.673004 201.905502 0.000000
      vertex 90.111458 198.809128 0.000000
    endloop
  endfacet
  facet normal 0 0 1
    outer loop
      vertex 116.000000 180.000000 0.000000
      vertex 90.111458 198.809128 0.000000
      vertex 87.958183 195.416107 0.000000
    endloop
  endfacet
  facet normal 0 0 1
    outer loop
      vertex 116.000000 180.000000 0.000000
      vertex 87.958183 195.416107 0.000000
      vertex 86.247154 191.779984 0.000000
    endloop
  endfacet
  facet normal 0 0 1
    outer loop
      vertex 116.000000 180.000000 0.000000
      vertex 86.247154 191.779984 0.000000
      vertex 85.005341 187.958069 0.000000
    endloop
  endfacet
  facet normal 0 0 1
    outer loop
      vertex 116.000000 180.000000 0.000000
      vertex 85.005341 187.958069 0.000000
      vertex 84.252327 184.010651 0.000000
    endloop
  endfacet
  facet normal 0 0 1
    outer loop
      vertex 116.000000 180.000000 0.000000
      vertex 84.252327 184.010651 0.000000
      vertex 84.000000 180.000000 0.000000
    endloop
  endfacet
  facet normal 0 0 1
    outer loop
      vertex 116.000000 180.000000 0.000000
      vertex 84.000000 180.000000 0.000000
      vertex 84.252327 175.989334 0.000000
    endloop
  endfacet
  facet normal 0 0 1
    outer loop
      vertex 116.000000 180.000000 0.000000
      vertex 84.252327 175.989334 0.000000
      vertex 85.005341 172.041916 0.000000
    endloop
  endfacet
  facet normal 0 0 1
    outer loop
      vertex 116.000000 180.000000 0.000000
      vertex 85.005341 172.041916 0.000000
      vertex 86.247154 168.220001 0.000000
    endloop
  endfacet
  facet normal 0 0 1
    outer loop
      vertex 116.000000 180.000000 0.000000
      vertex 86.247154 168.220001 0.000000
      vertex 87.958191 164.583878 0.000000
    endloop
  endfacet
  facet normal 0 0 1
    outer loop
      vertex 116.000000 180.000000 0.000000
      vertex 87.958191 164.583878 0.000000
      vertex 90.111458 161.190872 0.000000
    endloop
  endfacet
  facet normal 0 0 1
    outer loop
      vertex 116.000000 180.000000 0.000000
      vertex 90.111458 161.190872 0.000000
      vertex 92.673004 158.094482 0.000000
    endloop
  endfacet
  facet normal 0 0 1
    outer loop
      vertex 116.000000 180.000000 0.000000
      vertex 92.673004 158.094482 0.000000
      vertex 95.602440 155.343567 0.000000
    endloop
  endfacet
  facet normal 0 0 1
    outer loop
      vertex 116.000000 180.000000 0.000000
      vertex 95.602440 155.343567 0.000000
      vertex 98.853546 152.981506 0.000000
    endloop
  endfacet
  facet normal 0 0 1
    outer loop
      vertex 116.000000 180.000000 0.000000
      vertex 98.853546 152.981506 0.000000
      vertex 102.375069 151.045532 0.000000
    endloop
  endfacet
  facet normal 0 0 1
    outer loop
      vertex 116.000000 180.000000 0.000000
      vertex 102.375069 151.045532 0.000000
      vertex 106.111465 149.566193 0.000000
    endloop
  endfacet
  facet normal 0 0 1
    outer loop
      vertex 116.000000 180.000000 0.000000
      vertex 106.111465 149.566193 0.000000
      vertex 110.003815 148.566803 0.000000
    endloop
  endfacet
  facet normal 0 0 1
    outer loop
      vertex 116.000000 180.000000 0.000000
      vertex 110.003815 148.566803 0.000000
      vertex 113.990715 148.063141 0.000000
    endloop
  endfacet
  facet normal 0 0 1
    outer loop
      vertex 116.000000 180.000000 0.000000
      vertex 113.990715 148.063141 0.000000
      vertex 118.009300 148.063141 0.000000
    endloop
  endfacet
  facet normal 0 0 1
    outer loop
      vertex 116.000000 180.000000 0.000000
      vertex 118.009300 148.063141 0.000000
      vertex 121.996208 148.566803 0.000000
    endloop
  endfacet
  facet normal 0 0 1
    outer loop
      vertex 116.000000 180.000000 0.000000
      vertex 121.996208 148.566803 0.000000
      vertex 125.888550 149.566193 0.000000
    endloop
  endfacet
  facet normal 0 0 1
    outer loop
      vertex 116.000000 180.000000 0.000000
      vertex 125.888550 149.566193 0.000000
      vertex 129.624939 151.045532 0.000000
    endloop
  endfacet
  facet normal 0 0 1
    outer loop
      vertex 116.000000 180.000000 0.000000
      vertex 129.624939 151.045532 0.000000
      vertex 133.146469 152.981506 0.000000
    endloop
  endfacet
  facet normal 0 0 1
    outer loop
      vertex 116.000000 180.000000 0.000000
      vertex 133.146469 152.981506 0.000000
      vertex 136.397568 155.343582 0.000000
    endloop
  endfacet
  facet normal 0 0 1
    outer loop
      vertex 116.000000 180.000000 0.000000
      vertex 136.397568 155.343582 0.000000
      vertex 139.327011 158.094498 0.000000
    endloop
  endfacet
  facet normal 0 0 1
    outer loop
      vertex 116.000000 180.000000 0.000000
      vertex 139.327011 158.094498 0.000000
      vertex 141.888550 161.190887 0.000000
    endloop
  endfacet
  facet normal 0 0 1
    outer loop
      vertex 116.000000 180.000000 0.000000
      vertex 141.888550 161.190887 0.000000
      vertex 144.041824 164.583893 0.000000
    endloop
  endfacet
  facet normal 0 0 1
    outer loop
      vertex 116.000000 180.000000 0.000000
      vertex 144.041824 164.583893 0.000000
      vertex 145.752853 168.220032 0.000000
    endloop
  endfacet
  facet normal 0 0 1
    outer loop
      vertex 116.000000 180.000000 0.000000
      vertex 145.752853 168.220032 0.000000
      vertex 146.994659 172.041946 0.000000
    endloop
  endfacet
  facet normal 0 0 1
    outer loop
      vertex 116.000000 180.000000 0.000000
      vertex 146.994659 172.041946 0.000000
      vertex 147.747665 175.989334 0.000000
    endloop
  endfacet
  facet normal 0 0 1
    outer loop
      vertex 116.000000 180.000000 0.000000
      vertex 147.747665 175.989334 0.000000
      vertex 148.000000 180.000000 0.000000
    endloop
  endfacet
  facet normal 0 0 1
    outer loop
      vertex 69.000000 208.000000 0.000000
      vertex 113.000000 208.000000 0.000000
      vertex 112.653046 213.514664 0.000000
    endloop
  endfacet
  facet normal 0 0 1
    outer loop
      vertex 69.000000 208.000000 0.000000
      vertex 112.653046 213.514664 0.000000
      vertex 111.617661 218.942352 0.000000
    endloop
  endfacet
  facet normal 0 0 1
    outer loop
      vertex 69.000000 208.000000 0.000000
      vertex 111.617661 218.942352 0.000000
      vertex 109.910164 224.197479 0.000000
    endloop
  endfacet
  facet normal 0 0 1
    outer loop
      vertex 69.000000 208.000000 0.000000
      vertex 109.910164 224.197479 0.000000
      vertex 107.557495 229.197159 0.000000
    endloop
  endfacet
  facet normal 0 0 1
    outer loop
      vertex 69.000000 208.000000 0.000000
      vertex 107.557495 229.197159 0.000000
      vertex 104.596748 233.862549 0.000000
    endloop
  endfacet
  facet normal 0 0 1
    outer loop
      vertex 69.000000 208.000000 0.000000
      vertex 104.596748 233.862549 0.000000
      vertex 101.074615 238.120071 0.000000
    endloop
  endfacet
  facet normal 0 0 1
    outer loop
      vertex 69.000000 208.000000 0.000000
      vertex 101.074615 238.120071 0.000000
      vertex 97.046654 241.902588 0.000000
    endloop
  endfacet
  facet normal 0 0 1
    outer loop
      vertex 69.000000 208.000000 0.000000
      vertex 97.046654 241.902588 0.000000
      vertex 92.576378 245.150436 0.000000
    endloop
  endfacet
  facet normal 0 0 1
    outer loop
      vertex 69.000000 208.000000 0.000000
      vertex 92.576378 245.150436 0.000000
      vertex 87.734283 247.812393 0.000000
    endloop
  endfacet
  facet normal 0 0 1
    outer loop
      vertex 69.000000 208.000000 0.000000
      vertex 87.734283 247.812393 0.000000
      vertex 82.596748 249.846481 0.000000
    endloop
  endfacet
  facet normal 0 0 1
    outer loop
      vertex 69.000000 208.000000 0.000000
      vertex 82.596748 249.846481 0.000000
      vertex 77.244774 251.220642 0.000000
    endloop
  endfacet
  facet normal 0 0 1
    outer loop
      vertex 69.000000 208.000000 0.000000
      vertex 77.244774 251.220642 0.000000
      vertex 71.762779 251.913177 0.000000
    endloop
  endfacet
  facet normal 0 0 1
    outer loop
      vertex 69.000000 208.000000 0.000000
      vertex 71.762779 251.913177 0.000000
      vertex 66.237213 251.913177 0.000000
    endloop
  endfacet
  facet normal 0 0 1
    outer loop
      vertex 69.000000 208.000000 0.000000
      vertex 66.237213 251.913177 0.000000
      vertex 60.755219 251.220642 0.000000
    endloop
  endfacet
  facet normal 0 0 1
    outer loop
      vertex 69.000000 208.000000 0.000000
      vertex 60.755219 251.220642 0.000000
      vertex 55.403252 249.846481 0.000000
    endloop
  endfacet
  facet normal 0 0 1
    outer loop
      vertex 69.000000 208.000000 0.000000
      vertex 55.403252 249.846481 0.000000
      vertex 50.265709 247.812393 0.000000
    endloop
  endfacet
  facet normal 0 0 1
    outer loop
      vertex 69.000000 208.000000 0.000000
      vertex 50.265709 247.812393 0.000000
      vertex 45.423615 245.150421 0.000000
    endloop
  endfacet
  facet normal 0 0 1
    outer loop
      vertex 69.000000 208.000000 0.000000
      vertex 45.423615 245.150421 0.000000
      vertex 40.953339 241.902573 0.000000
    endloop
  endfacet
  facet normal 0 0 1
    outer loop
      vertex 69.000000 208.000000 0.000000
      vertex 40.953339 241.902573 0.000000
      vertex 36.925381 238.120071 0.000000
    endloop
  endfacet
  facet normal 0 0 1
    outer loop
      vertex 69.000000 208.000000 0.000000
      vertex 36.925381 238.120071 0.000000
      vertex 33.403252 233.862549 0.000000
    endloop
  endfacet
  facet normal 0 0 1
    outer loop
      vertex 69.000000 208.000000 0.000000
      vertex 33.403252 233.862549 0.000000
      vertex 30.442503 229.197159 0.000000
    endloop
  endfacet
  facet normal 0 0 1
    outer loop
      vertex 69.000000 208.000000 0.000000
      vertex 30.442503 229.197159 0.000000
      vertex 28.089832 224.197479 0.000000
    endloop
  endfacet
  facet normal 0 0 1
    outer loop
      vertex 69.000000 208.000000 0.000000
      vertex 28.089832 224.197479 0.000000
      vertex 26.382338 218.942352 0.000000
    endloop
  endfacet
  facet normal 0 0 1
    outer loop
      vertex 69.000000 208.000000 0.000000
      vertex 26.382338 218.942352 0.000000
      vertex 25.346952 213.514648 0.000000
    endloop
  endfacet
  facet normal 0 0 1
    outer loop
      vertex 69.000000 208.000000 0.000000
      vertex 25.346952 213.514648 0.000000
      vertex 25.000000 208.000000 0.000000
    endloop
  endfacet
  facet normal 0 0 1
    outer loop
      vertex 69.000000 208.000000 0.000000
      vertex 25.000000 208.000000 0.000000
      vertex 25.346954 202.485336 0.000000
    endloop
  endfacet
  facet normal 0 0 1
    outer loop
      vertex 69.000000 208.000000 0.000000
      vertex 25.346954 202.485336 0.000000
      vertex 26.382343 197.057632 0.000000
    endloop
  endfacet
  facet normal 0 0 1
    outer loop
      vertex 69.000000 208.000000 0.000000
      vertex 26.382343 197.057632 0.000000
      vertex 28.089838 191.802505 0.000000
    endloop
  endfacet
  facet normal 0 0 1
    outer loop
      vertex 69.000000 208.000000 0.000000
      vertex 28.089838 191.802505 0.000000
      vertex 30.442513 186.802826 0.000000
    endloop
  endfacet
  facet normal 0 0 1
    outer loop
      vertex 69.000000 208.000000 0.000000
      vertex 30.442513 186.802826 0.000000
      vertex 33.403255 182.137451 0.000000
    endloop
  endfacet
  facet normal 0 0 1
    outer loop
      vertex 69.000000 208.000000 0.000000
      vertex 33.403255 182.137451 0.000000
      vertex 36.925385 177.879929 0.000000
    endloop
  endfacet
  facet normal 0 0 1
    outer loop
      vertex 69.000000 208.000000 0.000000
      vertex 36.925385 177.879929 0.000000
      vertex 40.953350 174.097412 0.000000
    endloop
  endfacet
  facet normal 0 0 1
    outer loop
      vertex 69.000000 208.000000 0.000000
      vertex 40.953350 174.097412 0.000000
      vertex 45.423630 170.849564 0.000000
    endloop
  endfacet
  facet normal 0 0 1
    outer loop
      vertex 69.000000 208.000000 0.000000
      vertex 45.423630 170.849564 0.000000
      vertex 50.265724 168.187607 0.000000
    endloop
  endfacet
  facet normal 0 0 1
    outer loop
      vertex 69.000000 208.000000 0.000000
      vertex 50.265724 168.187607 0.000000
      vertex 55.403267 166.153503 0.000000
    endloop
  endfacet
  facet normal 0 0 1
    outer loop
      vertex 69.000000 208.000000 0.000000
      vertex 55.403267 166.153503 0.000000
      vertex 60.755241 164.779358 0.000000
    endloop
  endfacet
  facet normal 0 0 1
    outer loop
      vertex 69.000000 208.000000 0.000000
      vertex 60.755241 164.779358 0.000000
      vertex 66.237236 164.086823 0.000000
    endloop
  endfacet
  facet normal 0 0 1
    outer loop
      vertex 69.000000 208.000000 0.000000
      vertex 66.237236 164.086823 0.000000
      vertex 71.762787 164.086823 0.000000
    endloop
  endfacet
  facet normal 0 0 1
    outer loop
      vertex 69.000000 208.000000 0.000000
      vertex 71.762787 164.086823 0.000000
      vertex 77.244781 164.779358 0.000000
    endloop
  endfacet
  facet normal 0 0 1
    outer loop
      vertex 69.000000 208.000000 0.000000
      vertex 77.244781 164.779358 0.000000
      vertex 82.596756 166.153519 0.000000
    endloop
  endfacet
  facet normal 0 0 1
    outer loop
      vertex 69.000000 208.000000 0.000000
      vertex 82.596756 166.153519 0.000000
      vertex 87.734299 168.187607 0.000000
    endloop
  endfacet
  facet normal 0 0 1
    outer loop
      vertex 69.000000 208.000000 0.000000
      vertex 87.734299 168.187607 0.000000
      vertex 92.576385 170.849579 0.000000
    endloop
  endfacet
  facet normal 0 0 1
    outer loop
      vertex 69.000000 208.000000 0.000000
      vertex 92.576385 170.849579 0.000000
      vertex 97.046669 174.097427 0.000000
    endloop
  endfacet
  facet normal 0 0 1
    outer loop
      vertex 69.000000 208.000000 0.000000
      vertex 97.046669 174.097427 0.000000
      vertex 101.074631 177.879944 0.000000
    endloop
  endfacet
  facet normal 0 0 1
    outer loop
      vertex 69.000000 208.000000 0.000000
      vertex 101.074631 177.879944 0.000000
      vertex 104.596756 182.137466 0.000000
    endloop
  endfacet
  facet normal 0 0 1
    outer loop
      vertex 69.000000 208.000000 0.000000
      vertex 104.596756 182.137466 0.000000
      vertex 107.557503 186.802856 0.000000
    endloop
  endfacet
  facet normal 0 0 1
    outer loop
      vertex 69.000000 208.000000 0.000000
      vertex 107.557503 186.802856 0.000000
      vertex 109.910172 191.802536 0.000000
    endloop
  endfacet
  facet normal 0 0 1
    outer loop
      vertex 69.000000 208.000000 0.000000
      vertex 109.910172 191.802536 0.000000
      vertex 111.617668 197.057663 0.000000
    endloop
  endfacet
  facet normal 0 0 1
    outer loop
      vertex 69.000000 208.000000 0.000000
      vertex 111.617668 197.057663 0.000000
      vertex 112.653046 202.485336 0.000000
    endloop
  endfacet
  facet normal 0 0 1
    outer loop
      vertex 69.000000 208.000000 0.000000
      vertex 112.653046 202.485336 0.000000
      vertex 113.000000 208.000015 0.000000
    endloop
  endfacet
  facet normal 0 0 1
    outer loop
      vertex 76.000000 168.000000 0.000000
      vertex 105.000000 168.000000 0.000000
      vertex 104.771324 171.634659 0.000000
    endloop
  endfacet
  facet normal 0 0 1
    outer loop
      vertex 76.000000 168.000000 0.000000
      vertex 104.771324 171.634659 0.000000
      vertex 104.088913 175.212006 0.000000
    endloop
  endfacet
  facet normal 0 0 1
    outer loop
      vertex 76.000000 168.000000 0.000000
      vertex 104.088913 175.212006 0.000000
      vertex 102.963516 178.675613 0.000000
    endloop
  endfacet
  facet normal 0 0 1
    outer loop
      vertex 76.000000 168.000000 0.000000
      vertex 102.963516 178.675613 0.000000
      vertex 101.412895 181.970856 0.000000
    endloop
  endfacet
  facet normal 0 0 1
    outer loop
      vertex 76.000000 168.000000 0.000000
      vertex 101.412895 181.970856 0.000000
      vertex 99.461494 185.045776 0.000000
    endloop
  endfacet
  facet normal 0 0 1
    outer loop
      vertex 76.000000 168.000000 0.000000
      vertex 99.461494 185.045776 0.000000
      vertex 97.140091 187.851868 0.000000
    endloop
  endfacet
  facet normal 0 0 1
    outer loop
      vertex 76.000000 168.000000 0.000000
      vertex 97.140091 187.851868 0.000000
      vertex 94.485298 190.344879 0.000000
    endloop
  endfacet
  facet normal 0 0 1
    outer loop
      vertex 76.000000 168.000000 0.000000
      vertex 94.485298 190.344879 0.000000
      vertex 91.538979 192.485504 0.000000
    endloop
  endfacet
  facet normal 0 0 1
    outer loop
      vertex 76.000000 168.000000 0.000000
      vertex 91.538979 192.485504 0.000000
      vertex 88.347595 194.239990 0.000000
    endloop
  endfacet
  facet normal 0 0 1
    outer loop
      vertex 76.000000 168.000000 0.000000
      vertex 88.347595 194.239990 0.000000
      vertex 84.961494 195.580643 0.000000
    endloop
  endfacet
  facet normal 0 0 1
    outer loop
      vertex 76.000000 168.000000 0.000000
      vertex 84.961494 195.580643 0.000000
      vertex 81.434059 196.486328 0.000000
    endloop
  endfacet
  facet normal 0 0 1
    outer loop
      vertex 76.000000 168.000000 0.000000
      vertex 81.434059 196.486328 0.000000
      vertex 77.820923 196.942780 0.000000
    endloop
  endfacet
  facet normal 0 0 1
    outer loop
      vertex 76.000000 168.000000 0.000000
      vertex 77.820923 196.942780 0.000000
      vertex 74.179070 196.942780 0.000000
    endloop
  endfacet
  facet normal 0 0 1
    outer loop
      vertex 76.000000 168.000000 0.000000
      vertex 74.179070 196.942780 0.000000
      vertex 70.565941 196.486328 0.000000
    endloop
  endfacet
  facet normal 0 0 1
    outer loop
      vertex 76.000000 168.000000 0.000000
      vertex 70.565941 196.486328 0.000000
      vertex 67.038506 195.580643 0.000000
    endloop
  endfacet
  facet normal 0 0 1
    outer loop
      vertex 76.000000 168.000000 0.000000
      vertex 67.038506 195.580643 0.000000
      vertex 63.652397 194.239990 0.000000
    endloop
  endfacet
  facet normal 0 0 1
    outer loop
      vertex 76.000000 168.000000 0.000000
      vertex 63.652397 194.239990 0.000000
      vertex 60.461018 192.485504 0.000000
    endloop
  endfacet
  facet normal 0 0 1
    outer loop
      vertex 76.000000 168.000000 0.000000
      vertex 60.461018 192.485504 0.000000
      vertex 57.514698 190.344879 0.000000
    endloop
  endfacet
  facet normal 0 0 1
    outer loop
      vertex 76.000000 168.000000 0.000000
      vertex 57.514698 190.344879 0.000000
      vertex 54.859909 187.851868 0.000000
    endloop
  endfacet
  facet normal 0 0 1
    outer loop
      vertex 76.000000 168.000000 0.000000
      vertex 54.859909 187.851868 0.000000
      vertex 52.538506 185.045776 0.000000
    endloop
  endfacet
  facet normal 0 0 1
    outer loop
      vertex 76.000000 168.000000 0.000000
      vertex 52.538506 185.045776 0.000000
      vertex 50.587105 181.970856 0.000000
    endloop
  endfacet
  facet normal 0 0 1
    outer loop
      vertex 76.000000 168.000000 0.000000
      vertex 50.587105 181.970856 0.000000
      vertex 49.036480 178.675613 0.000000
    endloop
  endfacet
  facet normal 0 0 1
    outer loop
      vertex 76.000000 168.000000 0.000000
      vertex 49.036480 178.675613 0.000000
      vertex 47.911087 175.212006 0.000000
    endloop
  endfacet
  facet normal 0 0 1
    outer loop
      vertex 76.000000 168.000000 0.000000
      vertex 47.911087 175.212006 0.000000
      vertex 47.228672 171.634659 0.000000
    endloop
  endfacet
  facet normal 0 0 1
    outer loop
      vertex 76.000000 168.000000 0.000000
      vertex 47.228672 171.634659 0.000000
      vertex 47.000000 168.000000 0.000000
    endloop
  endfacet
  facet normal 0 0 1
    outer loop
      vertex 76.000000 168.000000 0.000000
      vertex 47.000000 168.000000 0.000000
      vertex 47.228676 164.365326 0.000000
    endloop
  endfacet
  facet normal 0 0 1
    outer loop
      vertex 76.000000 168.000000 0.000000
      vertex 47.228676 164.365326 0.000000
      vertex 47.911091 160.787994 0.000000
    endloop
  endfacet
  facet normal 0 0 1
    outer loop
      vertex 76.000000 168.000000 0.000000
      vertex 47.911091 160.787994 0.000000
      vertex 49.036484 157.324387 0.000000
    endloop
  endfacet
  facet normal 0 0 1
    outer loop
      vertex 76.000000 168.000000 0.000000
      vertex 49.036484 157.324387 0.000000
      vertex 50.587109 154.029129 0.000000
    endloop
  endfacet
  facet normal 0 0 1
    outer loop
      vertex 76.000000 168.000000 0.000000
      vertex 50.587109 154.029129 0.000000
      vertex 52.538509 150.954224 0.000000
    endloop
  endfacet
  facet normal 0 0 1
    outer loop
      vertex 76.000000 168.000000 0.000000
      vertex 52.538509 150.954224 0.000000
      vertex 54.859913 148.148132 0.000000
    endloop
  endfacet
  facet normal 0 0 1
    outer loop
      vertex 76.000000 168.000000 0.000000
      vertex 54.859913 148.148132 0.000000
      vertex 57.514709 145.655106 0.000000
    endloop
  endfacet
  facet normal 0 0 1
    outer loop
      vertex 76.000000 168.000000 0.000000
      vertex 57.514709 145.655106 0.000000
      vertex 60.461029 143.514481 0.000000
    endloop
  endfacet
  facet normal 0 0 1
    outer loop
      vertex 76.000000 168.000000 0.000000
      vertex 60.461029 143.514481 0.000000
      vertex 63.652409 141.760010 0.000000
    endloop
  endfacet
  facet normal 0 0 1
    outer loop
      vertex 76.000000 168.000000 0.000000
      vertex 63.652409 141.760010 0.000000
      vertex 67.038521 140.419357 0.000000
    endloop
  endfacet
  facet normal 0 0 1
    outer loop
      vertex 76.000000 168.000000 0.000000
      vertex 67.038521 140.419357 0.000000
      vertex 70.565956 139.513672 0.000000
    endloop
  endfacet
  facet normal 0 0 1
    outer loop
      vertex 76.000000 168.000000 0.000000
      vertex 70.565956 139.513672 0.000000
      vertex 74.179085 139.057220 0.000000
    endloop
  endfacet
  facet normal 0 0 1
    outer loop
      vertex 76.000000 168.000000 0.000000
      vertex 74.179085 139.057220 0.000000
      vertex 77.820923 139.057220 0.000000
    endloop
  endfacet
  facet normal 0 0 1
    outer loop
      vertex 76.000000 168.000000 0.000000
      vertex 77.820923 139.057220 0.000000
      vertex 81.434059 139.513672 0.000000
    endloop
  endfacet
  facet normal 0 0 1
    outer loop
      vertex 76.000000 168.000000 0.000000
      vertex 81.434059 139.513672 0.000000
      vertex 84.961494 140.419357 0.000000
    endloop
  endfacet
  facet normal 0 0 1
    outer loop
      vertex 76.000000 168.000000 0.000000
      vertex 84.961494 140.419357 0.000000
      vertex 88.347603 141.760025 0.000000
    endloop
  endfacet
  facet normal 0 0 1
    outer loop
      vertex 76.000000 168.000000 0.000000
      vertex 88.347603 141.760025 0.000000
      vertex 91.538986 143.514496 0.000000
    endloop
  endfacet
  facet normal 0 0 1
    outer loop
      vertex 76.000000 168.000000 0.000000
      vertex 91.538986 143.514496 0.000000
      vertex 94.485306 145.655121 0.000000
    endloop
  endfacet
  facet normal 0 0 1
    outer loop
      vertex 76.000000 168.000000 0.000000
      vertex 94.485306 145.655121 0.000000
      vertex 97.140099 148.148148 0.000000
    endloop
  endfacet
  facet normal 0 0 1
    outer loop
      vertex 76.000000 168.000000 0.000000
      vertex 97.140099 148.148148 0.000000
      vertex 99.461502 150.954239 0.000000
    endloop
  endfacet
  facet normal 0 0 1
    outer loop
      vertex 76.000000 168.000000 0.000000
      vertex 99.461502 150.954239 0.000000
      vertex 101.412903 154.029160 0.000000
    endloop
  endfacet
  facet normal 0 0 1
    outer loop
      vertex 76.000000 168.000000 0.000000
      vertex 101.412903 154.029160 0.000000
      vertex 102.963524 157.324402 0.000000
    endloop
  endfacet
  facet normal 0 0 1
    outer loop
      vertex 76.000000 168.000000 0.000000
      vertex 102.963524 157.324402 0.000000
      vertex 104.088913 160.788010 0.000000
    endloop
  endfacet
  facet normal 0 0 1
    outer loop
      vertex 76.000000 168.000000 0.000000
      vertex 104.088913 160.788010 0.000000
      vertex 104.771324 164.365341 0.000000
    endloop
  endfacet
  facet normal 0 0 1
    outer loop
      vertex 76.000000 168.000000 0.000000
      vertex 104.771324 164.365341 0.000000
      vertex 105.000000 168.000000 0.000000
    endloop
  endfacet
  facet normal 0 0 1
    outer loop
      vertex 107.000000 234.000000 0.000000
      vertex 140.000000 234.000000 0.000000
      vertex 139.739792 238.136002 0.000000
    endloop
  endfacet
  facet normal 0 0 1
    outer loop
      vertex 107.000000 234.000000 0.000000
      vertex 139.739792 238.136002 0.000000
      vertex 138.963242 242.206772 0.000000
    endloop
  endfacet
  facet normal 0 0 1
    outer loop
      vertex 107.000000 234.000000 0.000000
      vertex 138.963242 242.206772 0.000000
      vertex 137.682617 246.148117 0.000000
    endloop
  endfacet
  facet normal 0 0 1
    outer loop
      vertex 107.000000 234.000000 0.000000
      vertex 137.682617 246.148117 0.000000
      vertex 135.918121 249.897873 0.000000
    endloop
  endfacet
  facet normal 0 0 1
    outer loop
      vertex 107.000000 234.000000 0.000000
      vertex 135.918121 249.897873 0.000000
      vertex 133.697556 253.396912 0.000000
    endloop
  endfacet
  facet normal 0 0 1
    outer loop
      vertex 107.000000 234.000000 0.000000
      vertex 133.697556 253.396912 0.000000
      vertex 131.055969 256.590057 0.000000
    endloop
  endfacet
  facet normal 0 0 1
    outer loop
      vertex 107.000000 234.000000 0.000000
      vertex 131.055969 256.590057 0.000000
      vertex 128.034988 259.426941 0.000000
    endloop
  endfacet
  facet normal 0 0 1
    outer loop
      vertex 107.000000 234.000000 0.000000
      vertex 128.034988 259.426941 0.000000
      vertex 124.682281 261.862823 0.000000
    endloop
  endfacet
  facet normal 0 0 1
    outer loop
      vertex 107.000000 234.000000 0.000000
      vertex 124.682281 261.862823 0.000000
      vertex 121.050713 263.859283 0.000000
    endloop
  endfacet
  facet normal 0 0 1
    outer loop
      vertex 107.000000 234.000000 0.000000
      vertex 121.050713 263.859283 0.000000
      vertex 117.197563 265.384857 0.000000
    endloop
  endfacet
  facet normal 0 0 1
    outer loop
      vertex 107.000000 234.000000 0.000000
      vertex 117.197563 265.384857 0.000000
      vertex 113.183578 266.415466 0.000000
    endloop
  endfacet
  facet normal 0 0 1
    outer loop
      vertex 107.000000 234.000000 0.000000
      vertex 113.183578 266.415466 0.000000
      vertex 109.072083 266.934875 0.000000
    endloop
  endfacet
  facet normal 0 0 1
    outer loop
      vertex 107.000000 234.000000 0.000000
      vertex 109.072083 266.934875 0.000000
      vertex 104.927910 266.934875 0.000000
    endloop
  endfacet
  facet normal 0 0 1
    outer loop
      vertex 107.000000 234.000000 0.000000
      vertex 104.927910 266.934875 0.000000
      vertex 100.816414 266.415466 0.000000
    endloop
  endfacet
  facet normal 0 0 1
    outer loop
      vertex 107.000000 234.000000 0.000000
      vertex 100.816414 266.415466 0.000000
      vertex 96.802437 265.384857 0.000000
    endloop
  endfacet
  facet normal 0 0 1
    outer loop
      vertex 107.000000 234.000000 0.000000
      vertex 96.802437 265.384857 0.000000
      vertex 92.949280 263.859283 0.000000
    endloop
  endfacet
  facet normal 0 0 1
    outer loop
      vertex 107.000000 234.000000 0.000000
      vertex 92.949280 263.859283 0.000000
      vertex 89.317711 261.862823 0.000000
    endloop
  endfacet
  facet normal 0 0 1
    outer loop
      vertex 107.000000 234.000000 0.000000
      vertex 89.317711 261.862823 0.000000
      vertex 85.965004 259.426941 0.000000
    endloop
  endfacet
  facet normal 0 0 1
    outer loop
      vertex 107.000000 234.000000 0.000000
      vertex 85.965004 259.426941 0.000000
      vertex 82.944038 256.590057 0.000000
    endloop
  endfacet
  facet normal 0 0 1
    outer loop
      vertex 107.000000 234.000000 0.000000
      vertex 82.944038 256.590057 0.000000
      vertex 80.302437 253.396912 0.000000
    endloop
  endfacet
  facet normal 0 0 1
    outer loop
      vertex 107.000000 234.000000 0.000000
      vertex 80.302437 253.396912 0.000000
      vertex 78.081879 249.897873 0.000000
    endloop
  endfacet
  facet normal 0 0 1
    outer loop
      vertex 107.000000 234.000000 0.000000
      vertex 78.081879 249.897873 0.000000
      vertex 76.317375 246.148102 0.000000
    endloop
  endfacet
  facet normal 0 0 1
    outer loop
      vertex 107.000000 234.000000 0.000000
      vertex 76.317375 246.148102 0.000000
      vertex 75.036751 242.206757 0.000000
    endloop
  endfacet
  facet normal 0 0 1
    outer loop
      vertex 107.000000 234.000000 0.000000
      vertex 75.036751 242.206757 0.000000
      vertex 74.260216 238.135986 0.000000
    endloop
  endfacet
  facet normal 0 0 1
    outer loop
      vertex 107.000000 234.000000 0.000000
      vertex 74.260216 238.135986 0.000000
      vertex 74.000000 234.000000 0.000000
    endloop
  endfacet
  facet normal 0 0 1
    outer loop
      vertex 107.000000 234.000000 0.000000
      vertex 74.000000 234.000000 0.000000
      vertex 74.260216 229.863998 0.000000
    endloop
  endfacet
  facet normal 0 0 1
    outer loop
      vertex 107.000000 234.000000 0.000000
      vertex 74.260216 229.863998 0.000000
      vertex 75.036758 225.793228 0.000000
    endloop
  endfacet
  facet normal 0 0 1
    outer loop
      vertex 107.000000 234.000000 0.000000
      vertex 75.036758 225.793228 0.000000
      vertex 76.317375 221.851883 0.000000
    endloop
  endfacet
  facet normal 0 0 1
    outer loop
      vertex 107.000000 234.000000 0.000000
      vertex 76.317375 221.851883 0.000000
      vertex 78.081886 218.102127 0.000000
    endloop
  endfacet
  facet normal 0 0 1
    outer loop
      vertex 107.000000 234.000000 0.000000
      vertex 78.081886 218.102127 0.000000
      vertex 80.302444 214.603088 0.000000
    endloop
  endfacet
  facet normal 0 0 1
    outer loop
      vertex 107.000000 234.000000 0.000000
      vertex 80.302444 214.603088 0.000000
      vertex 82.944038 211.409943 0.000000
    endloop
  endfacet
  facet normal 0 0 1
    outer loop
      vertex 107.000000 234.000000 0.000000
      vertex 82.944038 211.409943 0.000000
      vertex 85.965012 208.573059 0.000000
    endloop
  endfacet
  facet normal 0 0 1
    outer loop
      vertex 107.000000 234.000000 0.000000
      vertex 85.965012 208.573059 0.000000
      vertex 89.317726 206.137177 0.000000
    endloop
  endfacet
  facet normal 0 0 1
    outer loop
      vertex 107.000000 234.000000 0.000000
      vertex 89.317726 206.137177 0.000000
      vertex 92.949295 204.140701 0.000000
    endloop
  endfacet
  facet normal 0 0 1
    outer loop
      vertex 107.000000 234.000000 0.000000
      vertex 92.949295 204.140701 0.000000
      vertex 96.802452 202.615128 0.000000
    endloop
  endfacet
  facet normal 0 0 1
    outer loop
      vertex 107.000000 234.000000 0.000000
      vertex 96.802452 202.615128 0.000000
      vertex 100.816429 201.584518 0.000000
    endloop
  endfacet
  facet normal 0 0 1
    outer loop
      vertex 107.000000 234.000000 0.000000
      vertex 100.816429 201.584518 0.000000
      vertex 104.927925 201.065125 0.000000
    endloop
  endfacet
  facet normal 0 0 1
    outer loop
      vertex 107.000000 234.000000 0.000000
      vertex 104.927925 201.065125 0.000000
      vertex 109.072090 201.065125 0.000000
    endloop
  endfacet
  facet normal 0 0 1
    outer loop
      vertex 107.000000 234.000000 0.000000
      vertex 109.072090 201.065125 0.000000
      vertex 113.183586 201.584518 0.000000
    endloop
  endfacet
  facet normal 0 0 1
    outer loop
      vertex 107.000000 234.000000 0.000000
      vertex 113.183586 201.584518 0.000000
      vertex 117.197563 202.615143 0.000000
    endloop
  endfacet
  facet normal 0 0 1
    outer loop
      vertex 107.000000 234.000000 0.000000
      vertex 117.197563 202.615143 0.000000
      vertex 121.050720 204.140717 0.000000
    endloop
  endfacet
  facet normal 0 0 1
    outer loop
      vertex 107.000000 234.000000 0.000000
      vertex 121.050720 204.140717 0.000000
      vertex 124.682289 206.137177 0.000000
    endloop
  endfacet
  facet normal 0 0 1
    outer loop
      vertex 107.000000 234.000000 0.000000
      vertex 124.682289 206.137177 0.000000
      vertex 128.035004 208.573074 0.000000
    endloop
  endfacet
  facet normal 0 0 1
    outer loop
      vertex 107.000000 234.000000 0.000000
      vertex 128.035004 208.573074 0.000000
      vertex 131.055969 211.409958 0.000000
    endloop
  endfacet
  facet normal 0 0 1
    outer loop
      vertex 107.000000 234.000000 0.000000
      vertex 131.055969 211.409958 0.000000
      vertex 133.697571 214.603104 0.000000
    endloop
  endfacet
  facet normal 0 0 1
    outer loop
      vertex 107.000000 234.000000 0.000000
      vertex 133.697571 214.603104 0.000000
      vertex 135.918121 218.102142 0.000000
    endloop
  endfacet
  facet normal 0 0 1
    outer loop
      vertex 107.000000 234.000000 0.000000
      vertex 135.918121 218.102142 0.000000
      vertex 137.682632 221.851898 0.000000
    endloop
  endfacet
  facet normal 0 0 1
    outer loop
      vertex 107.000000 234.000000 0.000000
      vertex 137.682632 221.851898 0.000000
      vertex 138.963242 225.793259 0.000000
    endloop
  endfacet
  facet normal 0 0 1
    outer loop
      vertex 107.000000 234.000000 0.000000
      vertex 138.963242 225.793259 0.000000
      vertex 139.739792 229.864014 0.000000
    endloop
  endfacet
  facet normal 0 0 1
    outer loop
      vertex 107.000000 234.000000 0.000000
      vertex 139.739792 229.864014 0.000000
      vertex 140.000000 234.000000 0.000000
    endloop
  endfacet
  facet normal 0 0 1
    outer loop
      vertex 75.000000 161.000000 0.000000
      vertex 119.000000 161.000000 0.000000
      vertex 118.653046 166.514664 0.000000
    endloop
  endfacet
  facet normal 0 0 1
    outer loop
      vertex 75.000000 161.000000 0.000000
      vertex 118.653046 166.514664 0.000000
      vertex 117.617661 171.942352 0.000000
    endloop
  endfacet
  facet normal 0 0 1
    outer loop
      vertex 75.000000 161.000000 0.000000
      vertex 117.617661 171.942352 0.000000
      vertex 115.910164 177.197479 0.000000
    endloop
  endfacet
  facet normal 0 0 1
    outer loop
      vertex 75.000000 161.000000 0.000000
      vertex 115.910164 177.197479 0.000000
      vertex 113.557495 182.197159 0.000000
    endloop
  endfacet
  facet normal 0 0 1
    outer loop
      vertex 75.000000 161.000000 0.000000
      vertex 113.557495 182.197159 0.000000
      vertex 110.596748 186.862549 0.000000
    endloop
  endfacet
  facet normal 0 0 1
    outer loop
      vertex 75.000000 161.000000 0.000000
      vertex 110.596748 186.862549 0.000000
      vertex 107.074615 191.120071 0.000000
    endloop
  endfacet
  facet normal 0 0 1
    outer loop
      vertex 75.000000 161.000000 0.000000
      vertex 107.074615 191.120071 0.000000
      vertex 103.046654 194.902588 0.000000
    endloop
  endfacet
  facet normal 0 0 1
    outer loop
      vertex 75.000000 161.000000 0.000000
      vertex 103.046654 194.902588 0.000000
      vertex 98.576378 198.150436 0.000000
    endloop
  endfacet
  facet normal 0 0 1
    outer loop
      vertex 75.000000 161.000000 0.000000
      vertex 98.576378 198.150436 0.000000
      vertex 93.734283 200.812393 0.000000
    endloop
  endfacet
  facet normal 0 0 1
    outer loop
      vertex 75.000000 161.000000 0.000000
      vertex 93.734283 200.812393 0.000000
      vertex 88.596748 202.846481 0.000000
    endloop
  endfacet
  facet normal 0 0 1
    outer loop
      vertex 75.000000 161.000000 0.000000
      vertex 88.596748 202.846481 0.000000
      vertex 83.244774 204.220642 0.000000
    endloop
  endfacet
  facet normal 0 0 1
    outer loop
      vertex 75.000000 161.000000 0.000000
      vertex 83.244774 204.220642 0.000000
      vertex 77.762779 204.913177 0.000000
    endloop
  endfacet
  facet normal 0 0 1
    outer loop
      vertex 75.000000 161.000000 0.000000
      vertex 77.762779 204.913177 0.000000
      vertex 72.237213 204.913177 0.000000
    endloop
  endfacet
  facet normal 0 0 1
    outer loop
      vertex 75.000000 161.000000 0.000000
      vertex 72.237213 204.913177 0.000000
      vertex 66.755219 204.220642 0.000000
    endloop
  endfacet
  facet normal 0 0 1
    outer loop
      vertex 75.000000 161.000000 0.000000
      vertex 66.755219 204.220642 0.000000
      vertex 61.403252 202.846481 0.000000
    endloop
  endfacet
  facet normal 0 0 1
    outer loop
      vertex 75.000000 161.000000 0.000000
      vertex 61.403252 202.846481 0.000000
      vertex 56.265709 200.812393 0.000000
    endloop
  endfacet
  facet normal 0 0 1
    outer loop
      vertex 75.000000 161.000000 0.000000
      vertex 56.265709 200.812393 0.000000
      vertex 51.423615 198.150421 0.000000
    endloop
  endfacet
  facet normal 0 0 1
    outer loop
      vertex 75.000000 161.000000 0.000000
      vertex 51.423615 198.150421 0.000000
      vertex 46.953339 194.902573 0.000000
    endloop
  endfacet
  facet normal 0 0 1
    outer loop
      vertex 75.000000 161.000000 0.000000
      vertex 46.953339 194.902573 0.000000
      vertex 42.925381 191.120071 0.000000
    endloop
  endfacet
  facet normal 0 0 1
    outer loop
      vertex 75.000000 161.000000 0.000000
      vertex 42.925381 191.120071 0.000000
      vertex 39.403252 186.862549 0.000000
    endloop
  endfacet
  facet normal 0 0 1
    outer loop
      vertex 75.000000 161.000000 0.000000
      vertex 39.403252 186.862549 0.000000
      vertex 36.442505 182.197159 0.000000
    endloop
  endfacet
  facet normal 0 0 1
    outer loop
      vertex 75.000000 161.000000 0.000000
      vertex 36.442505 182.197159 0.000000
      vertex 34.089832 177.197479 0.000000
    endloop
  endfacet
  facet normal 0 0 1
    outer loop
      vertex 75.000000 161.000000 0.000000
      vertex 34.089832 177.197479 0.000000
      vertex 32.382339 171.942352 0.000000
    endloop
  endfacet
  facet normal 0 0 1
    outer loop
      vertex 75.000000 161.000000 0.000000
      vertex 32.382339 171.942352 0.000000
      vertex 31.346952 166.514648 0.000000
    endloop
  endfacet
  facet normal 0 0 1
    outer loop
      vertex 75.000000 161.000000 0.000000
      vertex 31.346952 166.514648 0.000000
      vertex 31.000000 161.000000 0.000000
    endloop
  endfacet
  facet normal 0 0 1
    outer loop
      vertex 75.000000 161.000000 0.000000
      vertex 31.000000 161.000000 0.000000
      vertex 31.346954 155.485336 0.000000
    endloop
  endfacet
  facet normal 0 0 1
    outer loop
      vertex 75.000000 161.000000 0.000000
      vertex 31.346954 155.485336 0.000000
      vertex 32.382343 150.057632 0.000000
    endloop
  endfacet
  facet normal 0 0 1
    outer loop
      vertex 75.000000 161.000000 0.000000
      vertex 32.382343 150.057632 0.000000
      vertex 34.089840 144.802505 0.000000
    endloop
  endfacet
  facet normal 0 0 1
    outer loop
      vertex 75.000000 161.000000 0.000000
      vertex 34.089840 144.802505 0.000000
      vertex 36.442513 139.802826 0.000000
    endloop
  endfacet
  facet normal 0 0 1
    outer loop
      vertex 75.000000 161.000000 0.000000
      vertex 36.442513 139.802826 0.000000
      vertex 39.403255 135.137451 0.000000
    endloop
  endfacet
  facet normal 0 0 1
    outer loop
      vertex 75.000000 161.000000 0.000000
      vertex 39.403255 135.137451 0.000000
      vertex 42.925385 130.879929 0.000000
    endloop
  endfacet
  facet normal 0 0 1
    outer loop
      vertex 75.000000 161.000000 0.000000
      vertex 42.925385 130.879929 0.000000
      vertex 46.953350 127.097412 0.000000
    endloop
  endfacet
  facet normal 0 0 1
    outer loop
      vertex 75.000000 161.000000 0.000000
      vertex 46.953350 127.097412 0.000000
      vertex 51.423630 123.849564 0.000000
    endloop
  endfacet
  facet normal 0 0 1
    outer loop
      vertex 75.000000 161.000000 0.000000
      vertex 51.423630 123.849564 0.000000
      vertex 56.265724 121.187607 0.000000
    endloop
  endfacet
  facet normal 0 0 1
    outer loop
      vertex 75.000000 161.000000 0.000000
      vertex 56.265724 121.187607 0.000000
      vertex 61.403267 119.153511 0.000000
    endloop
  endfacet
  facet normal 0 0 1
    outer loop
      vertex 75.000000 161.000000 0.000000
      vertex 61.403267 119.153511 0.000000
      vertex 66.755241 117.779358 0.000000
    endloop
  endfacet
  facet normal 0 0 1
    outer loop
      vertex 75.000000 161.000000 0.000000
      vertex 66.755241 117.779358 0.000000
      vertex 72.237236 117.086823 0.000000
    endloop
  endfacet
  facet normal 0 0 1
    outer loop
      vertex 75.000000 161.000000 0.000000
      vertex 72.237236 117.086823 0.000000
      vertex 77.762787 117.086823 0.000000
    endloop
  endfacet
  facet normal 0 0 1
    outer loop
      vertex 75.000000 161.000000 0.000000
      vertex 77.762787 117.086823 0.000000
      vertex 83.244781 117.779358 0.000000
    endloop
  endfacet
  facet normal 0 0 1
    outer loop
      vertex 75.000000 161.000000 0.000000
      vertex 83.244781 117.779358 0.000000
      vertex 88.596756 119.153519 0.000000
    endloop
  endfacet
  facet normal 0 0 1
    outer loop
      vertex 75.000000 161.000000 0.000000
      vertex 88.596756 119.153519 0.000000
      vertex 93.734299 121.187614 0.000000
    endloop
  endfacet
  facet normal 0 0 1
    outer loop
      vertex 75.000000 161.000000 0.000000
      vertex 93.734299 121.187614 0.000000
      vertex 98.576385 123.849579 0.000000
    endloop
  endfacet
  facet normal 0 0 1
    outer loop
      vertex 75.000000 161.000000 0.000000
      vertex 98.576385 123.849579 0.000000
      vertex 103.046669 127.097427 0.000000
    endloop
  endfacet
  facet normal 0 0 1
    outer loop
      vertex 75.000000 161.000000 0.000000
      vertex 103.046669 127.097427 0.000000
      vertex 107.074631 130.879944 0.000000
    endloop
  endfacet
  facet normal 0 0 1
    outer loop
      vertex 75.000000 161.000000 0.000000
      vertex 107.074631 130.879944 0.000000
      vertex 110.596756 135.137466 0.000000
    endloop
  endfacet
  facet normal 0 0 1
    outer loop
      vertex 75.000000 161.000000 0.000000
      vertex 110.596756 135.137466 0.000000
      vertex 113.557503 139.802856 0.000000
    endloop
  endfacet
  facet normal 0 0 1
    outer loop
      vertex 75.000000 161.000000 0.000000
      vertex 113.557503 139.802856 0.000000
      vertex 115.910172 144.802536 0.000000
    endloop
  endfacet
  facet normal 0 0 1
    outer loop
      vertex 75.000000 161.000000 0.000000
      vertex 115.910172 144.802536 0.000000
      vertex 117.617668 150.057663 0.000000
    endloop
  endfacet
  facet normal 0 0 1
    outer loop
      vertex 75.000000 161.000000 0.000000
      vertex 117.617668 150.057663 0.000000
      vertex 118.653046 155.485336 0.000000
    endloop
  endfacet
  facet normal 0 0 1
    outer loop
      vertex 75.000000 161.000000 0.000000
      vertex 118.653046 155.485336 0.000000
      vertex 119.000000 161.000015 0.000000
    endloop
  endfacet
  facet normal 0 0 1
    outer loop
      vertex 49.000000 159.000000 0.000000
      vertex 97.000000 159.000000 0.000000
      vertex 96.621506 165.015991 0.000000
    endloop
  endfacet
  facet normal 0 0 1
    outer loop
      vertex 49.000000 159.000000 0.000000
      vertex 96.621506 165.015991 0.000000
      vertex 95.491989 170.937119 0.000000
    endloop
  endfacet
  facet normal 0 0 1
    outer loop
      vertex 49.000000 159.000000 0.000000
      vertex 95.491989 170.937119 0.000000
      vertex 93.629272 176.669983 0.000000
    endloop
  endfacet
  facet normal 0 0 1
    outer loop
      vertex 49.000000 159.000000 0.000000
      vertex 93.629272 176.669983 0.000000
      vertex 91.062721 182.124176 0.000000
    endloop
  endfacet
  facet normal 0 0 1
    outer loop
      vertex 49.000000 159.000000 0.000000
      vertex 91.062721 182.124176 0.000000
      vertex 87.832817 187.213699 0.000000
    endloop
  endfacet
  facet normal 0 0 1
    outer loop
      vertex 49.000000 159.000000 0.000000
      vertex 87.832817 187.213699 0.000000
      vertex 83.990494 191.858261 0.000000
    endloop
  endfacet
  facet normal 0 0 1
    outer loop
      vertex 49.000000 159.000000 0.000000
      vertex 83.990494 191.858261 0.000000
      vertex 79.596352 195.984634 0.000000
    endloop
  endfacet
  facet normal 0 0 1
    outer loop
      vertex 49.000000 159.000000 0.000000
      vertex 79.596352 195.984634 0.000000
      vertex 74.719681 199.527740 0.000000
    endloop
  endfacet
  facet normal 0 0 1
    outer loop
      vertex 49.000000 159.000000 0.000000
      vertex 74.719681 199.527740 0.000000
      vertex 69.437401 202.431702 0.000000
    endloop
  endfacet
  facet normal 0 0 1
    outer loop
      vertex 49.000000 159.000000 0.000000
      vertex 69.437401 202.431702 0.000000
      vertex 63.832813 204.650711 0.000000
    endloop
  endfacet
  facet normal 0 0 1
    outer loop
      vertex 49.000000 159.000000 0.000000
      vertex 63.832813 204.650711 0.000000
      vertex 57.994301 206.149796 0.000000
    endloop
  endfacet
  facet normal 0 0 1
    outer loop
      vertex 49.000000 159.000000 0.000000
      vertex 57.994301 206.149796 0.000000
      vertex 52.013939 206.905289 0.000000
    endloop
  endfacet
  facet normal 0 0 1
    outer loop
      vertex 49.000000 159.000000 0.000000
      vertex 52.013939 206.905289 0.000000
      vertex 45.986053 206.905289 0.000000
    endloop
  endfacet
  facet normal 0 0 1
    outer loop
      vertex 49.000000 159.000000 0.000000
      vertex 45.986053 206.905289 0.000000
      vertex 40.005692 206.149780 0.000000
    endloop
  endfacet
  facet normal 0 0 1
    outer loop
      vertex 49.000000 159.000000 0.000000
      vertex 40.005692 206.149780 0.000000
      vertex 34.167183 204.650711 0.000000
    endloop
  endfacet
  facet normal 0 0 1
    outer loop
      vertex 49.000000 159.000000 0.000000
      vertex 34.167183 204.650711 0.000000
      vertex 28.562590 202.431702 0.000000
    endloop
  endfacet
  facet normal 0 0 1
    outer loop
      vertex 49.000000 159.000000 0.000000
      vertex 28.562590 202.431702 0.000000
      vertex 23.280308 199.527740 0.000000
    endloop
  endfacet
  facet normal 0 0 1
    outer loop
      vertex 49.000000 159.000000 0.000000
      vertex 23.280308 199.527740 0.000000
      vertex 18.403641 195.984634 0.000000
    endloop
  endfacet
  facet normal 0 0 1
    outer loop
      vertex 49.000000 159.000000 0.000000
      vertex 18.403641 195.984634 0.000000
      vertex 14.009505 191.858261 0.000000
    endloop
  endfacet
  facet normal 0 0 1
    outer loop
      vertex 49.000000 159.000000 0.000000
      vertex 14.009505 191.858261 0.000000
      vertex 10.167182 187.213684 0.000000
    endloop
  endfacet
  facet normal 0 0 1
    outer loop
      vertex 49.000000 159.000000 0.000000
      vertex 10.167182 187.213684 0.000000
      vertex 6.937276 182.124176 0.000000
    endloop
  endfacet
  facet normal 0 0 1
    outer loop
      vertex 49.000000 159.000000 0.000000
      vertex 6.937276 182.124176 0.000000
      vertex 4.370726 176.669968 0.000000
    endloop
  endfacet
  facet normal 0 0 1
    outer loop
      vertex 49.000000 159.000000 0.000000
      vertex 4.370726 176.669968 0.000000
      vertex 2.508006 170.937103 0.000000
    endloop
  endfacet
  facet normal 0 0 1
    outer loop
      vertex 49.000000 159.000000 0.000000
      vertex 2.508006 170.937103 0.000000
      vertex 1.378493 165.015976 0.000000
    endloop
  endfacet
  facet normal 0 0 1
    outer loop
      vertex 49.000000 159.000000 0.000000
      vertex 1.378493 165.015976 0.000000
      vertex 1.000000 159.000000 0.000000
    endloop
  endfacet
  facet normal 0 0 1
    outer loop
      vertex 49.000000 159.000000 0.000000
      vertex 1.000000 159.000000 0.000000
      vertex 1.378495 152.983994 0.000000
    endloop
  endfacet
  facet normal 0 0 1
    outer loop
      vertex 49.000000 159.000000 0.000000
      vertex 1.378495 152.983994 0.000000
      vertex 2.508011 147.062881 0.000000
    endloop
  endfacet
  facet normal 0 0 1
    outer loop
      vertex 49.000000 159.000000 0.000000
      vertex 2.508011 147.062881 0.000000
      vertex 4.370733 141.330017 0.000000
    endloop
  endfacet
  facet normal 0 0 1
    outer loop
      vertex 49.000000 159.000000 0.000000
      vertex 4.370733 141.330017 0.000000
      vertex 6.937286 135.875809 0.000000
    endloop
  endfacet
  facet normal 0 0 1
    outer loop
      vertex 49.000000 159.000000 0.000000
      vertex 6.937286 135.875809 0.000000
      vertex 10.167188 130.786301 0.000000
    endloop
  endfacet
  facet normal 0 0 1
    outer loop
      vertex 49.000000 159.000000 0.000000
      vertex 10.167188 130.786301 0.000000
      vertex 14.009511 126.141731 0.000000
    endloop
  endfacet
  facet normal 0 0 1
    outer loop
      vertex 49.000000 159.000000 0.000000
      vertex 14.009511 126.141731 0.000000
      vertex 18.403656 122.015358 0.000000
    endloop
  endfacet
  facet normal 0 0 1
    outer loop
      vertex 49.000000 159.000000 0.000000
      vertex 18.403656 122.015358 0.000000
      vertex 23.280325 118.472252 0.000000
    endloop
  endfacet
  facet normal 0 0 1
    outer loop
      vertex 49.000000 159.000000 0.000000
      vertex 23.280325 118.472252 0.000000
      vertex 28.562607 115.568298 0.000000
    endloop
  endfacet
  facet normal 0 0 1
    outer loop
      vertex 49.000000 159.000000 0.000000
      vertex 28.562607 115.568298 0.000000
      vertex 34.167202 113.349281 0.000000
    endloop
  endfacet
  facet normal 0 0 1
    outer loop
      vertex 49.000000 159.000000 0.000000
      vertex 34.167202 113.349281 0.000000
      vertex 40.005718 111.850204 0.000000
    endloop
  endfacet
  facet normal 0 0 1
    outer loop
      vertex 49.000000 159.000000 0.000000
      vertex 40.005718 111.850204 0.000000
      vertex 45.986076 111.094719 0.000000
    endloop
  endfacet
  facet normal 0 0 1
    outer loop
      vertex 49.000000 159.000000 0.000000
      vertex 45.986076 111.094719 0.000000
      vertex 52.013947 111.094719 0.000000
    endloop
  endfacet
  facet normal 0 0 1
    outer loop
      vertex 49.000000 159.000000 0.000000
      vertex 52.013947 111.094719 0.000000
      vertex 57.994308 111.850212 0.000000
    endloop
  endfacet
  facet normal 0 0 1
    outer loop
      vertex 49.000000 159.000000 0.000000
      vertex 57.994308 111.850212 0.000000
      vertex 63.832821 113.349289 0.000000
    endloop
  endfacet
  facet normal 0 0 1
    outer loop
      vertex 49.000000 159.000000 0.000000
      vertex 63.832821 113.349289 0.000000
      vertex 69.437416 115.568306 0.000000
    endloop
  endfacet
  facet normal 0 0 1
    outer loop
      vertex 49.000000 159.000000 0.000000
      vertex 69.437416 115.568306 0.000000
      vertex 74.719696 118.472267 0.000000
    endloop
  endfacet
  facet normal 0 0 1
    outer loop
      vertex 49.000000 159.000000 0.000000
      vertex 74.719696 118.472267 0.000000
      vertex 79.596359 122.015373 0.000000
    endloop
  endfacet
  facet normal 0 0 1
    outer loop
      vertex 49.000000 159.000000 0.000000
      vertex 79.596359 122.015373 0.000000
      vertex 83.990509 126.141754 0.000000
    endloop
  endfacet
  facet normal 0 0 1
    outer loop
      vertex 49.000000 159.000000 0.000000
      vertex 83.990509 126.141754 0.000000
      vertex 87.832825 130.786316 0.000000
    endloop
  endfacet
  facet normal 0 0 1
    outer loop
      vertex 49.000000 159.000000 0.000000
      vertex 87.832825 130.786316 0.000000
      vertex 91.062729 135.875839 0.000000
    endloop
  endfacet
  facet normal 0 0 1
    outer loop
      vertex 49.000000 159.000000 0.000000
      vertex 91.062729 135.875839 0.000000
      vertex 93.629280 141.330048 0.000000
    endloop
  endfacet
  facet normal 0 0 1
    outer loop
      vertex 49.000000 159.000000 0.000000
      vertex 93.629280 141.330048 0.000000
      vertex 95.491997 147.062912 0.000000
    endloop
  endfacet
  facet normal 0 0 1
    outer loop
      vertex 49.000000 159.000000 0.000000
      vertex 95.491997 147.062912 0.000000
      vertex 96.621506 152.984009 0.000000
    endloop
  endfacet
  facet normal 0 0 1
    outer loop
      vertex 49.000000 159.000000 0.000000
      vertex 96.621506 152.984009 0.000000
      vertex 97.000000 159.000015 0.000000
    endloop
  endfacet
  facet normal 0 0 1
    outer loop
      vertex 129.000000 238.000000 0.000000
      vertex 171.000000 238.000000 0.000000
      vertex 170.668823 243.263992 0.000000
    endloop
  endfacet
  facet normal 0 0 1
    outer loop
      vertex 129.000000 238.000000 0.000000
      vertex 170.668823 243.263992 0.000000
      vertex 169.680496 248.444977 0.000000
    endloop
  endfacet
  facet normal 0 0 1
    outer loop
      vertex 129.000000 238.000000 0.000000
      vertex 169.680496 248.444977 0.000000
      vertex 168.050613 253.461227 0.000000
    endloop
  endfacet
  facet normal 0 0 1
    outer loop
      vertex 129.000000 238.000000 0.000000
      vertex 168.050613 253.461227 0.000000
      vertex 165.804886 258.233643 0.000000
    endloop
  endfacet
  facet normal 0 0 1
    outer loop
      vertex 129.000000 238.000000 0.000000
      vertex 165.804886 258.233643 0.000000
      vertex 162.978714 262.686981 0.000000
    endloop
  endfacet
  facet normal 0 0 1
    outer loop
      vertex 129.000000 238.000000 0.000000
      vertex 162.978714 262.686981 0.000000
      vertex 159.616684 266.750977 0.000000
    endloop
  endfacet
  facet normal 0 0 1
    outer loop
      vertex 129.000000 238.000000 0.000000
      vertex 159.616684 266.750977 0.000000
      vertex 155.771805 270.361572 0.000000
    endloop
  endfacet
  facet normal 0 0 1
    outer loop
      vertex 129.000000 238.000000 0.000000
      vertex 155.771805 270.361572 0.000000
      vertex 151.504730 273.461761 0.000000
    endloop
  endfacet
  facet normal 0 0 1
    outer loop
      vertex 129.000000 238.000000 0.000000
      vertex 151.504730 273.461761 0.000000
      vertex 146.882721 276.002747 0.000000
    endloop
  endfacet
  facet normal 0 0 1
    outer loop
      vertex 129.000000 238.000000 0.000000
      vertex 146.882721 276.002747 0.000000
      vertex 141.978714 277.944366 0.000000
    endloop
  endfacet
  facet normal 0 0 1
    outer loop
      vertex 129.000000 238.000000 0.000000
      vertex 141.978714 277.944366 0.000000
      vertex 136.870010 279.256073 0.000000
    endloop
  endfacet
  facet normal 0 0 1
    outer loop
      vertex 129.000000 238.000000 0.000000
      vertex 136.870010 279.256073 0.000000
      vertex 131.637192 279.917114 0.000000
    endloop
  endfacet
  facet normal 0 0 1
    outer loop
      vertex 129.000000 238.000000 0.000000
      vertex 131.637192 279.917114 0.000000
      vertex 126.362793 279.917114 0.000000
    endloop
  endfacet
  facet normal 0 0 1
    outer loop
      vertex 129.000000 238.000000 0.000000
      vertex 126.362793 279.917114 0.000000
      vertex 121.129982 279.256073 0.000000
    endloop
  endfacet
  facet normal 0 0 1
    outer loop
      vertex 129.000000 238.000000 0.000000
      vertex 121.129982 279.256073 0.000000
      vertex 116.021286 277.944366 0.000000
    endloop
  endfacet
  facet normal 0 0 1
    outer loop
      vertex 129.000000 238.000000 0.000000
      vertex 116.021286 277.944366 0.000000
      vertex 111.117264 276.002747 0.000000
    endloop
  endfacet
  facet normal 0 0 1
    outer loop
      vertex 129.000000 238.000000 0.000000
      vertex 111.117264 276.002747 0.000000
      vertex 106.495270 273.461761 0.000000
    endloop
  endfacet
  facet normal 0 0 1
    outer loop
      vertex 129.000000 238.000000 0.000000
      vertex 106.495270 273.461761 0.000000
      vertex 102.228188 270.361542 0.000000
    endloop
  endfacet
  facet normal 0 0 1
    outer loop
      vertex 129.000000 238.000000 0.000000
      vertex 102.228188 270.361542 0.000000
      vertex 98.383316 266.750977 0.000000
    endloop
  endfacet
  facet normal 0 0 1
    outer loop
      vertex 129.000000 238.000000 0.000000
      vertex 98.383316 266.750977 0.000000
      vertex 95.021286 262.686981 0.000000
    endloop
  endfacet
  facet normal 0 0 1
    outer loop
      vertex 129.000000 238.000000 0.000000
      vertex 95.021286 262.686981 0.000000
      vertex 92.195114 258.233643 0.000000
    endloop
  endfacet
  facet normal 0 0 1
    outer loop
      vertex 129.000000 238.000000 0.000000
      vertex 92.195114 258.233643 0.000000
      vertex 89.949387 253.461227 0.000000
    endloop
  endfacet
  facet normal 0 0 1
    outer loop
      vertex 129.000000 238.000000 0.000000
      vertex 89.949387 253.461227 0.000000
      vertex 88.319504 248.444962 0.000000
    endloop
  endfacet
  facet normal 0 0 1
    outer loop
      vertex 129.000000 238.000000 0.000000
      vertex 88.319504 248.444962 0.000000
      vertex 87.331184 243.263977 0.000000
    endloop
  endfacet
  facet normal 0 0 1
    outer loop
      vertex 129.000000 238.000000 0.000000
      vertex 87.331184 243.263977 0.000000
      vertex 87.000000 238.000000 0.000000
    endloop
  endfacet
  facet normal 0 0 1
    outer loop
      vertex 129.000000 238.000000 0.000000
      vertex 87.000000 238.000000 0.000000
      vertex 87.331184 232.735992 0.000000
    endloop
  endfacet
  facet normal 0 0 1
    outer loop
      vertex 129.000000 238.000000 0.000000
      vertex 87.331184 232.735992 0.000000
      vertex 88.319511 227.555023 0.000000
    endloop
  endfacet
  facet normal 0 0 1
    outer loop
      vertex 129.000000 238.000000 0.000000
      vertex 88.319511 227.555023 0.000000
      vertex 89.949394 222.538757 0.000000
    endloop
  endfacet
  facet normal 0 0 1
    outer loop
      vertex 129.000000 238.000000 0.000000
      vertex 89.949394 222.538757 0.000000
      vertex 92.195122 217.766342 0.000000
    endloop
  endfacet
  facet normal 0 0 1
    outer loop
      vertex 129.000000 238.000000 0.000000
      vertex 92.195122 217.766342 0.000000
      vertex 95.021286 213.313019 0.000000
    endloop
  endfacet
  facet normal 0 0 1
    outer loop
      vertex 129.000000 238.000000 0.000000
      vertex 95.021286 213.313019 0.000000
      vertex 98.383324 209.249023 0.000000
    endloop
  endfacet
  facet normal 0 0 1
    outer loop
      vertex 129.000000 238.000000 0.000000
      vertex 98.383324 209.249023 0.000000
      vertex 102.228203 205.638443 0.000000
    endloop
  endfacet
  facet normal 0 0 1
    outer loop
      vertex 129.000000 238.000000 0.000000
      vertex 102.228203 205.638443 0.000000
      vertex 106.495285 202.538223 0.000000
    endloop
  endfacet
  facet normal 0 0 1
    outer loop
      vertex 129.000000 238.000000 0.000000
      vertex 106.495285 202.538223 0.000000
      vertex 111.117279 199.997253 0.000000
    endloop
  endfacet
  facet normal 0 0 1
    outer loop
      vertex 129.000000 238.000000 0.000000
      vertex 111.117279 199.997253 0.000000
      vertex 116.021301 198.055618 0.000000
    endloop
  endfacet
  facet normal 0 0 1
    outer loop
      vertex 129.000000 238.000000 0.000000
      vertex 116.021301 198.055618 0.000000
      vertex 121.130005 196.743927 0.000000
    endloop
  endfacet
  facet normal 0 0 1
    outer loop
      vertex 129.000000 238.000000 0.000000
      vertex 121.130005 196.743927 0.000000
      vertex 126.362816 196.082870 0.000000
    endloop
  endfacet
  facet normal 0 0 1
    outer loop
      vertex 129.000000 238.000000 0.000000
      vertex 126.362816 196.082870 0.000000
      vertex 131.637207 196.082870 0.000000
    endloop
  endfacet
  facet normal 0 0 1
    outer loop
      vertex 129.000000 238.000000 0.000000
      vertex 131.637207 196.082870 0.000000
      vertex 136.870026 196.743942 0.000000
    endloop
  endfacet
  facet normal 0 0 1
    outer loop
      vertex 129.000000 238.000000 0.000000
      vertex 136.870026 196.743942 0.000000
      vertex 141.978714 198.055634 0.000000
    endloop
  endfacet
  facet normal 0 0 1
    outer loop
      vertex 129.000000 238.000000 0.000000
      vertex 141.978714 198.055634 0.000000
      vertex 146.882736 199.997269 0.000000
    endloop
  endfacet
  facet normal 0 0 1
    outer loop
      vertex 129.000000 238.000000 0.000000
      vertex 146.882736 199.997269 0.000000
      vertex 151.504730 202.538239 0.000000
    endloop
  endfacet
  facet normal 0 0 1
    outer loop
      vertex 129.000000 238.000000 0.000000
      vertex 151.504730 202.538239 0.000000
      vertex 155.771820 205.638458 0.000000
    endloop
  endfacet
  facet normal 0 0 1
    outer loop
      vertex 129.000000 238.000000 0.000000
      vertex 155.771820 205.638458 0.000000
      vertex 159.616699 209.249039 0.000000
    endloop
  endfacet
  facet normal 0 0 1
    outer loop
      vertex 129.000000 238.000000 0.000000
      vertex 159.616699 209.249039 0.000000
      vertex 162.978729 213.313034 0.000000
    endloop
  endfacet
  facet normal 0 0 1
    outer loop
      vertex 129.000000 238.000000 0.000000
      vertex 162.978729 213.313034 0.000000
      vertex 165.804886 217.766357 0.000000
    endloop
  endfacet
  facet normal 0 0 1
    outer loop
      vertex 129.000000 238.000000 0.000000
      vertex 165.804886 217.766357 0.000000
      vertex 168.050613 222.538788 0.000000
    endloop
  endfacet
  facet normal 0 0 1
    outer loop
      vertex 129.000000 238.000000 0.000000
      vertex 168.050613 222.538788 0.000000
      vertex 169.680496 227.555054 0.000000
    endloop
  endfacet
  facet normal 0 0 1
    outer loop
      vertex 129.000000 238.000000 0.000000
      vertex 169.680496 227.555054 0.000000
      vertex 170.668823 232.736008 0.000000
    endloop
  endfacet
  facet normal 0 0 1
    outer loop
      vertex 129.000000 238.000000 0.000000
      vertex 170.668823 232.736008 0.000000
      vertex 171.000000 238.000000 0.000000
    endloop
  endfacet
  facet normal 0 0 1
    outer loop
      vertex 65.000000 209.000000 0.000000
      vertex 97.000000 209.000000 0.000000
      vertex 96.747673 213.010666 0.000000
    endloop
  endfacet
  facet normal 0 0 1
    outer loop
      vertex 65.000000 209.000000 0.000000
      vertex 96.747673 213.010666 0.000000
      vertex 95.994659 216.958084 0.000000
    endloop
  endfacet
  facet normal 0 0 1
    outer loop
      vertex 65.000000 209.000000 0.000000
      vertex 95.994659 216.958084 0.000000
      vertex 94.752846 220.779984 0.000000
    endloop
  endfacet
  facet normal 0 0 1
    outer loop
      vertex 65.000000 209.000000 0.000000
      vertex 94.752846 220.779984 0.000000
      vertex 93.041817 224.416122 0.000000
    endloop
  endfacet
  facet normal 0 0 1
    outer loop
      vertex 65.000000 209.000000 0.000000
      vertex 93.041817 224.416122 0.000000
      vertex 90.888542 227.809128 0.000000
    endloop
  endfacet
  facet normal 0 0 1
    outer loop
      vertex 65.000000 209.000000 0.000000
      vertex 90.888542 227.809128 0.000000
      vertex 88.326996 230.905502 0.000000
    endloop
  endfacet
  facet normal 0 0 1
    outer loop
      vertex 65.000000 209.000000 0.000000
      vertex 88.326996 230.905502 0.000000
      vertex 85.397568 233.656418 0.000000
    endloop
  endfacet
  facet normal 0 0 1
    outer loop
      vertex 65.000000 209.000000 0.000000
      vertex 85.397568 233.656418 0.000000
      vertex 82.146454 236.018494 0.000000
    endloop
  endfacet
  facet normal 0 0 1
    outer loop
      vertex 65.000000 209.000000 0.000000
      vertex 82.146454 236.018494 0.000000
      vertex 78.624931 237.954468 0.000000
    endloop
  endfacet
  facet normal 0 0 1
    outer loop
      vertex 65.000000 209.000000 0.000000
      vertex 78.624931 237.954468 0.000000
      vertex 74.888542 239.433807 0.000000
    endloop
  endfacet
  facet normal 0 0 1
    outer loop
      vertex 65.000000 209.000000 0.000000
      vertex 74.888542 239.433807 0.000000
      vertex 70.996201 240.433197 0.000000
    endloop
  endfacet
  facet normal 0 0 1
    outer loop
      vertex 65.000000 209.000000 0.000000
      vertex 70.996201 240.433197 0.000000
      vertex 67.009293 240.936859 0.000000
    endloop
  endfacet
  facet normal 0 0 1
    outer loop
      vertex 65.000000 209.000000 0.000000
      vertex 67.009293 240.936859 0.000000
      vertex 62.990700 240.936859 0.000000
    endloop
  endfacet
  facet normal 0 0 1
    outer loop
      vertex 65.000000 209.000000 0.000000
      vertex 62.990700 240.936859 0.000000
      vertex 59.003796 240.433197 0.000000
    endloop
  endfacet
  facet normal 0 0 1
    outer loop
      vertex 65.000000 209.000000 0.000000
      vertex 59.003796 240.433197 0.000000
      vertex 55.111454 239.433807 0.000000
    endloop
  endfacet
  facet normal 0 0 1
    outer loop
      vertex 65.000000 209.000000 0.000000
      vertex 55.111454 239.433807 0.000000
      vertex 51.375061 237.954468 0.000000
    endloop
  endfacet
  facet normal 0 0 1
    outer loop
      vertex 65.000000 209.000000 0.000000
      vertex 51.375061 237.954468 0.000000
      vertex 47.853539 236.018494 0.000000
    endloop
  endfacet
  facet normal 0 0 1
    outer loop
      vertex 65.000000 209.000000 0.000000
      vertex 47.853539 236.018494 0.000000
      vertex 44.602428 233.656418 0.000000
    endloop
  endfacet
  facet normal 0 0 1
    outer loop
      vertex 65.000000 209.000000 0.000000
      vertex 44.602428 233.656418 0.000000
      vertex 41.673004 230.905502 0.000000
    endloop
  endfacet
  facet normal 0 0 1
    outer loop
      vertex 65.000000 209.000000 0.000000
      vertex 41.673004 230.905502 0.000000
      vertex 39.111454 227.809128 0.000000
    endloop
  endfacet
  facet normal 0 0 1
    outer loop
      vertex 65.000000 209.000000 0.000000
      vertex 39.111454 227.809128 0.000000
      vertex 36.958183 224.416107 0.000000
    endloop
  endfacet
  facet normal 0 0 1
    outer loop
      vertex 65.000000 209.000000 0.000000
      vertex 36.958183 224.416107 0.000000
      vertex 35.247150 220.779984 0.000000
    endloop
  endfacet
  facet normal 0 0 1
    outer loop
      vertex 65.000000 209.000000 0.000000
      vertex 35.247150 220.779984 0.000000
      vertex 34.005337 216.958069 0.000000
    endloop
  endfacet
  facet normal 0 0 1
    outer loop
      vertex 65.000000 209.000000 0.000000
      vertex 34.005337 216.958069 0.000000
      vertex 33.252327 213.010651 0.000000
    endloop
  endfacet
  facet normal 0 0 1
    outer loop
      vertex 65.000000 209.000000 0.000000
      vertex 33.252327 213.010651 0.000000
      vertex 33.000000 209.000000 0.000000
    endloop
  endfacet
  facet normal 0 0 1
    outer loop
      vertex 65.000000 209.000000 0.000000
      vertex 33.000000 209.000000 0.000000
      vertex 33.252331 204.989334 0.000000
    endloop
  endfacet
  facet normal 0 0 1
    outer loop
      vertex 65.000000 209.000000 0.000000
      vertex 33.252331 204.989334 0.000000
      vertex 34.005341 201.041916 0.000000
    endloop
  endfacet
  facet normal 0 0 1
    outer loop
      vertex 65.000000 209.000000 0.000000
      vertex 34.005341 201.041916 0.000000
      vertex 35.247154 197.220001 0.000000
    endloop
  endfacet
  facet normal 0 0 1
    outer loop
      vertex 65.000000 209.000000 0.000000
      vertex 35.247154 197.220001 0.000000
      vertex 36.958191 193.583878 0.000000
    endloop
  endfacet
  facet normal 0 0 1
    outer loop
      vertex 65.000000 209.000000 0.000000
      vertex 36.958191 193.583878 0.000000
      vertex 39.111458 190.190872 0.000000
    endloop
  endfacet
  facet normal 0 0 1
    outer loop
      vertex 65.000000 209.000000 0.000000
      vertex 39.111458 190.190872 0.000000
      vertex 41.673008 187.094482 0.000000
    endloop
  endfacet
  facet normal 0 0 1
    outer loop
      vertex 65.000000 209.000000 0.000000
      vertex 41.673008 187.094482 0.000000
      vertex 44.602436 184.343567 0.000000
    endloop
  endfacet
  facet normal 0 0 1
    outer loop
      vertex 65.000000 209.000000 0.000000
      vertex 44.602436 184.343567 0.000000
      vertex 47.853550 181.981506 0.000000
    endloop
  endfacet
  facet normal 0 0 1
    outer loop
      vertex 65.000000 209.000000 0.000000
      vertex 47.853550 181.981506 0.000000
      vertex 51.375072 180.045532 0.000000
    endloop
  endfacet
  facet normal 0 0 1
    outer loop
      vertex 65.000000 209.000000 0.000000
      vertex 51.375072 180.045532 0.000000
      vertex 55.111465 178.566193 0.000000
    endloop
  endfacet
  facet normal 0 0 1
    outer loop
      vertex 65.000000 209.000000 0.000000
      vertex 55.111465 178.566193 0.000000
      vertex 59.003811 177.566803 0.000000
    endloop
  endfacet
  facet normal 0 0 1
    outer loop
      vertex 65.000000 209.000000 0.000000
      vertex 59.003811 177.566803 0.000000
      vertex 62.990719 177.063141 0.000000
    endloop
  endfacet
  facet normal 0 0 1
    outer loop
      vertex 65.000000 209.000000 0.000000
      vertex 62.990719 177.063141 0.000000
      vertex 67.009300 177.063141 0.000000
    endloop
  endfacet
  facet normal 0 0 1
    outer loop
      vertex 65.000000 209.000000 0.000000
      vertex 67.009300 177.063141 0.000000
      vertex 70.996208 177.566803 0.000000
    endloop
  endfacet
  facet normal 0 0 1
    outer loop
      vertex 65.000000 209.000000 0.000000
      vertex 70.996208 177.566803 0.000000
      vertex 74.888550 178.566193 0.000000
    endloop
  endfacet
  facet normal 0 0 1
    outer loop
      vertex 65.000000 209.000000 0.000000
      vertex 74.888550 178.566193 0.000000
      vertex 78.624947 180.045532 0.000000
    endloop
  endfacet
  facet normal 0 0 1
    outer loop
      vertex 65.000000 209.000000 0.000000
      vertex 78.624947 180.045532 0.000000
      vertex 82.146461 181.981506 0.000000
    endloop
  endfacet
  facet normal 0 0 1
    outer loop
      vertex 65.000000 209.000000 0.000000
      vertex 82.146461 181.981506 0.000000
      vertex 85.397575 184.343582 0.000000
    endloop
  endfacet
  facet normal 0 0 1
    outer loop
      vertex 65.000000 209.000000 0.000000
      vertex 85.397575 184.343582 0.000000
      vertex 88.327003 187.094498 0.000000
    endloop
  endfacet
  facet normal 0 0 1
    outer loop
      vertex 65.000000 209.000000 0.000000
      vertex 88.327003 187.094498 0.000000
      vertex 90.888550 190.190887 0.000000
    endloop
  endfacet
  facet normal 0 0 1
    outer loop
      vertex 65.000000 209.000000 0.000000
      vertex 90.888550 190.190887 0.000000
      vertex 93.041824 193.583893 0.000000
    endloop
  endfacet
  facet normal 0 0 1
    outer loop
      vertex 65.000000 209.000000 0.000000
      vertex 93.041824 193.583893 0.000000
      vertex 94.752853 197.220032 0.000000
    endloop
  endfacet
  facet normal 0 0 1
    outer loop
      vertex 65.000000 209.000000 0.000000
      vertex 94.752853 197.220032 0.000000
      vertex 95.994667 201.041946 0.000000
    endloop
  endfacet
  facet normal 0 0 1
    outer loop
      vertex 65.000000 209.000000 0.000000
      vertex 95.994667 201.041946 0.000000
      vertex 96.747673 204.989334 0.000000
    endloop
  endfacet
  facet normal 0 0 1
    outer loop
      vertex 65.000000 209.000000 0.000000
      vertex 96.747673 204.989334 0.000000
      vertex 97.000000 209.000000 0.000000
    endloop
  endfacet
  facet normal 0 0 1
    outer loop
      vertex 54.000000 178.000000 0.000000
      vertex 98.000000 178.000000 0.000000
      vertex 97.653046 183.514664 0.000000
    endloop
  endfacet
  facet normal 0 0 1
    outer loop
      vertex 54.000000 178.000000 0.000000
      vertex 97.653046 183.514664 0.000000
      vertex 96.617661 188.942352 0.000000
    endloop
  endfacet
  facet normal 0 0 1
    outer loop
      vertex 54.000000 178.000000 0.000000
      vertex 96.617661 188.942352 0.000000
      vertex 94.910164 194.197479 0.000000
    endloop
  endfacet
  facet normal 0 0 1
    outer loop
      vertex 54.000000 178.000000 0.000000
      vertex 94.910164 194.197479 0.000000
      vertex 92.557495 199.197159 0.000000
    endloop
  endfacet
  facet normal 0 0 1
    outer loop
      vertex 54.000000 178.000000 0.000000
      vertex 92.557495 199.197159 0.000000
      vertex 89.596748 203.862549 0.000000
    endloop
  endfacet
  facet normal 0 0 1
    outer loop
      vertex 54.000000 178.000000 0.000000
      vertex 89.596748 203.862549 0.000000
      vertex 86.074615 208.120071 0.000000
    endloop
  endfacet
  facet normal 0 0 1
    outer loop
      vertex 54.000000 178.000000 0.000000
      vertex 86.074615 208.120071 0.000000
      vertex 82.046654 211.902588 0.000000
    endloop
  endfacet
  facet normal 0 0 1
    outer loop
      vertex 54.000000 178.000000 0.000000
      vertex 82.046654 211.902588 0.000000
      vertex 77.576378 215.150436 0.000000
    endloop
  endfacet
  facet normal 0 0 1
    outer loop
      vertex 54.000000 178.000000 0.000000
      vertex 77.576378 215.150436 0.000000
      vertex 72.734283 217.812393 0.000000
    endloop
  endfacet
  facet normal 0 0 1
    outer loop
      vertex 54.000000 178.000000 0.000000
      vertex 72.734283 217.812393 0.000000
      vertex 67.596748 219.846481 0.000000
    endloop
  endfacet
  facet normal 0 0 1
    outer loop
      vertex 54.000000 178.000000 0.000000
      vertex 67.596748 219.846481 0.000000
      vertex 62.244774 221.220642 0.000000
    endloop
  endfacet
  facet normal 0 0 1
    outer loop
      vertex 54.000000 178.000000 0.000000
      vertex 62.244774 221.220642 0.000000
      vertex 56.762775 221.913177 0.000000
    endloop
  endfacet
  facet normal 0 0 1
    outer loop
      vertex 54.000000 178.000000 0.000000
      vertex 56.762775 221.913177 0.000000
      vertex 51.237213 221.913177 0.000000
    endloop
  endfacet
  facet normal 0 0 1
    outer loop
      vertex 54.000000 178.000000 0.000000
      vertex 51.237213 221.913177 0.000000
      vertex 45.755219 221.220642 0.000000
    endloop
  endfacet
  facet normal 0 0 1
    outer loop
      vertex 54.000000 178.000000 0.000000
      vertex 45.755219 221.220642 0.000000
      vertex 40.403252 219.846481 0.000000
    endloop
  endfacet
  facet normal 0 0 1
    outer loop
      vertex 54.000000 178.000000 0.000000
      vertex 40.403252 219.846481 0.000000
      vertex 35.265709 217.812393 0.000000
    endloop
  endfacet
  facet normal 0 0 1
    outer loop
      vertex 54.000000 178.000000 0.000000
      vertex 35.265709 217.812393 0.000000
      vertex 30.423615 215.150421 0.000000
    endloop
  endfacet
  facet normal 0 0 1
    outer loop
      vertex 54.000000 178.000000 0.000000
      vertex 30.423615 215.150421 0.000000
      vertex 25.953337 211.902573 0.000000
    endloop
  endfacet
  facet normal 0 0 1
    outer loop
      vertex 54.000000 178.000000 0.000000
      vertex 25.953337 211.902573 0.000000
      vertex 21.925381 208.120071 0.000000
    endloop
  endfacet
  facet normal 0 0 1
    outer loop
      vertex 54.000000 178.000000 0.000000
      vertex 21.925381 208.120071 0.000000
      vertex 18.403250 203.862549 0.000000
    endloop
  endfacet
  facet normal 0 0 1
    outer loop
      vertex 54.000000 178.000000 0.000000
      vertex 18.403250 203.862549 0.000000
      vertex 15.442504 199.197159 0.000000
    endloop
  endfacet
  facet normal 0 0 1
    outer loop
      vertex 54.000000 178.000000 0.000000
      vertex 15.442504 199.197159 0.000000
      vertex 13.089832 194.197479 0.000000
    endloop
  endfacet
  facet normal 0 0 1
    outer loop
      vertex 54.000000 178.000000 0.000000
      vertex 13.089832 194.197479 0.000000
      vertex 11.382339 188.942352 0.000000
    endloop
  endfacet
  facet normal 0 0 1
    outer loop
      vertex 54.000000 178.000000 0.000000
      vertex 11.382339 188.942352 0.000000
      vertex 10.346951 183.514648 0.000000
    endloop
  endfacet
  facet normal 0 0 1
    outer loop
      vertex 54.000000 178.000000 0.000000
      vertex 10.346951 183.514648 0.000000
      vertex 10.000000 178.000000 0.000000
    endloop
  endfacet
  facet normal 0 0 1
    outer loop
      vertex 54.000000 178.000000 0.000000
      vertex 10.000000 178.000000 0.000000
      vertex 10.346954 172.485336 0.000000
    endloop
  endfacet
  facet normal 0 0 1
    outer loop
      vertex 54.000000 178.000000 0.000000
      vertex 10.346954 172.485336 0.000000
      vertex 11.382343 167.057632 0.000000
    endloop
  endfacet
  facet normal 0 0 1
    outer loop
      vertex 54.000000 178.000000 0.000000
      vertex 11.382343 167.057632 0.000000
      vertex 13.089839 161.802505 0.000000
    endloop
  endfacet
  facet normal 0 0 1
    outer loop
      vertex 54.000000 178.000000 0.000000
      vertex 13.089839 161.802505 0.000000
      vertex 15.442513 156.802826 0.000000
    endloop
  endfacet
  facet normal 0 0 1
    outer loop
      vertex 54.000000 178.000000 0.000000
      vertex 15.442513 156.802826 0.000000
      vertex 18.403255 152.137451 0.000000
    endloop
  endfacet
  facet normal 0 0 1
    outer loop
      vertex 54.000000 178.000000 0.000000
      vertex 18.403255 152.137451 0.000000
      vertex 21.925385 147.879929 0.000000
    endloop
  endfacet
  facet normal 0 0 1
    outer loop
      vertex 54.000000 178.000000 0.000000
      vertex 21.925385 147.879929 0.000000
      vertex 25.953352 144.097412 0.000000
    endloop
  endfacet
  facet normal 0 0 1
    outer loop
      vertex 54.000000 178.000000 0.000000
      vertex 25.953352 144.097412 0.000000
      vertex 30.423630 140.849564 0.000000
    endloop
  endfacet
  facet normal 0 0 1
    outer loop
      vertex 54.000000 178.000000 0.000000
      vertex 30.423630 140.849564 0.000000
      vertex 35.265724 138.187607 0.000000
    endloop
  endfacet
  facet normal 0 0 1
    outer loop
      vertex 54.000000 178.000000 0.000000
      vertex 35.265724 138.187607 0.000000
      vertex 40.403267 136.153503 0.000000
    endloop
  endfacet
  facet normal 0 0 1
    outer loop
      vertex 54.000000 178.000000 0.000000
      vertex 40.403267 136.153503 0.000000
      vertex 45.755241 134.779358 0.000000
    endloop
  endfacet
  facet normal 0 0 1
    outer loop
      vertex 54.000000 178.000000 0.000000
      vertex 45.755241 134.779358 0.000000
      vertex 51.237236 134.086823 0.000000
    endloop
  endfacet
  facet normal 0 0 1
    outer loop
      vertex 54.000000 178.000000 0.000000
      vertex 51.237236 134.086823 0.000000
      vertex 56.762783 134.086823 0.000000
    endloop
  endfacet
  facet normal 0 0 1
    outer loop
      vertex 54.000000 178.000000 0.000000
      vertex 56.762783 134.086823 0.000000
      vertex 62.244781 134.779358 0.000000
    endloop
  endfacet
  facet normal 0 0 1
    outer loop
      vertex 54.000000 178.000000 0.000000
      vertex 62.244781 134.779358 0.000000
      vertex 67.596756 136.153519 0.000000
    endloop
  endfacet
  facet normal 0 0 1
    outer loop
      vertex 54.000000 178.000000 0.000000
      vertex 67.596756 136.153519 0.000000
      vertex 72.734299 138.187607 0.000000
    endloop
  endfacet
  facet normal 0 0 1
    outer loop
      vertex 54.000000 178.000000 0.000000
      vertex 72.734299 138.187607 0.000000
      vertex 77.576385 140.849579 0.000000
    endloop
  endfacet
  facet normal 0 0 1
    outer loop
      vertex 54.000000 178.000000 0.000000
      vertex 77.576385 140.849579 0.000000
      vertex 82.046669 144.097427 0.000000
    endloop
  endfacet
  facet normal 0 0 1
    outer loop
      vertex 54.000000 178.000000 0.000000
      vertex 82.046669 144.097427 0.000000
      vertex 86.074631 147.879944 0.000000
    endloop
  endfacet
  facet normal 0 0 1
    outer loop
      vertex 54.000000 178.000000 0.000000
      vertex 86.074631 147.879944 0.000000
      vertex 89.596756 152.137466 0.000000
    endloop
  endfacet
  facet normal 0 0 1
    outer loop
      vertex 54.000000 178.000000 0.000000
      vertex 89.596756 152.137466 0.000000
      vertex 92.557503 156.802856 0.000000
    endloop
  endfacet
  facet normal 0 0 1
    outer loop
      vertex 54.000000 178.000000 0.000000
      vertex 92.557503 156.802856 0.000000
      vertex 94.910172 161.802536 0.000000
    endloop
  endfacet
  facet normal 0 0 1
    outer loop
      vertex 54.000000 178.000000 0.000000
      vertex 94.910172 161.802536 0.000000
      vertex 96.617668 167.057663 0.000000
    endloop
  endfacet
  facet normal 0 0 1
    outer loop
      vertex 54.000000 178.000000 0.000000
      vertex 96.617668 167.057663 0.000000
      vertex 97.653046 172.485336 0.000000
    endloop
  endfacet
  facet normal 0 0 1
    outer loop
      vertex 54.000000 178.000000 0.000000
      vertex 97.653046 172.485336 0.000000
      vertex 98.000000 178.000015 0.000000
    endloop
  endfacet
  facet normal 0 0 1
    outer loop
      vertex 73.000000 217.000000 0.000000
      vertex 104.000000 217.000000 0.000000
      vertex 103.755554 220.885330 0.000000
    endloop
  endfacet
  facet normal 0 0 1
    outer loop
      vertex 73.000000 217.000000 0.000000
      vertex 103.755554 220.885330 0.000000
      vertex 103.026077 224.709381 0.000000
    endloop
  endfacet
  facet normal 0 0 1
    outer loop
      vertex 73.000000 217.000000 0.000000
      vertex 103.026077 224.709381 0.000000
      vertex 101.823074 228.411865 0.000000
    endloop
  endfacet
  facet normal 0 0 1
    outer loop
      vertex 73.000000 217.000000 0.000000
      vertex 101.823074 228.411865 0.000000
      vertex 100.165504 231.934372 0.000000
    endloop
  endfacet
  facet normal 0 0 1
    outer loop
      vertex 73.000000 217.000000 0.000000
      vertex 100.165504 231.934372 0.000000
      vertex 98.079529 235.221344 0.000000
    endloop
  endfacet
  facet normal 0 0 1
    outer loop
      vertex 73.000000 217.000000 0.000000
      vertex 98.079529 235.221344 0.000000
      vertex 95.598022 238.220963 0.000000
    endloop
  endfacet
  facet normal 0 0 1
    outer loop
      vertex 73.000000 217.000000 0.000000
      vertex 95.598022 238.220963 0.000000
      vertex 92.760139 240.885910 0.000000
    endloop
  endfacet
  facet normal 0 0 1
    outer loop
      vertex 73.000000 217.000000 0.000000
      vertex 92.760139 240.885910 0.000000
      vertex 89.610626 243.174164 0.000000
    endloop
  endfacet
  facet normal 0 0 1
    outer loop
      vertex 73.000000 217.000000 0.000000
      vertex 89.610626 243.174164 0.000000
      vertex 86.199158 245.049637 0.000000
    endloop
  endfacet
  facet normal 0 0 1
    outer loop
      vertex 73.000000 217.000000 0.000000
      vertex 86.199158 245.049637 0.000000
      vertex 82.579529 246.482758 0.000000
    endloop
  endfacet
  facet normal 0 0 1
    outer loop
      vertex 73.000000 217.000000 0.000000
      vertex 82.579529 246.482758 0.000000
      vertex 78.808815 247.450912 0.000000
    endloop
  endfacet
  facet normal 0 0 1
    outer loop
      vertex 73.000000 217.000000 0.000000
      vertex 78.808815 247.450912 0.000000
      vertex 74.946503 247.938828 0.000000
    endloop
  endfacet
  facet normal 0 0 1
    outer loop
      vertex 73.000000 217.000000 0.000000
      vertex 74.946503 247.938828 0.000000
      vertex 71.053490 247.938828 0.000000
    endloop
  endfacet
  facet normal 0 0 1
    outer loop
      vertex 73.000000 217.000000 0.000000
      vertex 71.053490 247.938828 0.000000
      vertex 67.191177 247.450897 0.000000
    endloop
  endfacet
  facet normal 0 0 1
    outer loop
      vertex 73.000000 217.000000 0.000000
      vertex 67.191177 247.450897 0.000000
      vertex 63.420471 246.482758 0.000000
    endloop
  endfacet
  facet normal 0 0 1
    outer loop
      vertex 73.000000 217.000000 0.000000
      vertex 63.420471 246.482758 0.000000
      vertex 59.800838 245.049637 0.000000
    endloop
  endfacet
  facet normal 0 0 1
    outer loop
      vertex 73.000000 217.000000 0.000000
      vertex 59.800838 245.049637 0.000000
      vertex 56.389366 243.174164 0.000000
    endloop
  endfacet
  facet normal 0 0 1
    outer loop
      vertex 73.000000 217.000000 0.000000
      vertex 56.389366 243.174164 0.000000
      vertex 53.239853 240.885910 0.000000
    endloop
  endfacet
  facet normal 0 0 1
    outer loop
      vertex 73.000000 217.000000 0.000000
      vertex 53.239853 240.885910 0.000000
      vertex 50.401974 238.220963 0.000000
    endloop
  endfacet
  facet normal 0 0 1
    outer loop
      vertex 73.000000 217.000000 0.000000
      vertex 50.401974 238.220963 0.000000
      vertex 47.920471 235.221344 0.000000
    endloop
  endfacet
  facet normal 0 0 1
    outer loop
      vertex 73.000000 217.000000 0.000000
      vertex 47.920471 235.221344 0.000000
      vertex 45.834492 231.934357 0.000000
    endloop
  endfacet
  facet normal 0 0 1
    outer loop
      vertex 73.000000 217.000000 0.000000
      vertex 45.834492 231.934357 0.000000
      vertex 44.176926 228.411850 0.000000
    endloop
  endfacet
  facet normal 0 0 1
    outer loop
      vertex 73.000000 217.000000 0.000000
      vertex 44.176926 228.411850 0.000000
      vertex 42.973919 224.709381 0.000000
    endloop
  endfacet
  facet normal 0 0 1
    outer loop
      vertex 73.000000 217.000000 0.000000
      vertex 42.973919 224.709381 0.000000
      vertex 42.244442 220.885315 0.000000
    endloop
  endfacet
  facet normal 0 0 1
    outer loop
      vertex 73.000000 217.000000 0.000000
      vertex 42.244442 220.885315 0.000000
      vertex 42.000000 217.000000 0.000000
    endloop
  endfacet
  facet normal 0 0 1
    outer loop
      vertex 73.000000 217.000000 0.000000
      vertex 42.000000 217.000000 0.000000
      vertex 42.244446 213.114670 0.000000
    endloop
  endfacet
  facet normal 0 0 1
    outer loop
      vertex 73.000000 217.000000 0.000000
      vertex 42.244446 213.114670 0.000000
      vertex 42.973923 209.290604 0.000000
    endloop
  endfacet
  facet normal 0 0 1
    outer loop
      vertex 73.000000 217.000000 0.000000
      vertex 42.973923 209.290604 0.000000
      vertex 44.176933 205.588135 0.000000
    endloop
  endfacet
  facet normal 0 0 1
    outer loop
      vertex 73.000000 217.000000 0.000000
      vertex 44.176933 205.588135 0.000000
      vertex 45.834496 202.065628 0.000000
    endloop
  endfacet
  facet normal 0 0 1
    outer loop
      vertex 73.000000 217.000000 0.000000
      vertex 45.834496 202.065628 0.000000
      vertex 47.920475 198.778656 0.000000
    endloop
  endfacet
  facet normal 0 0 1
    outer loop
      vertex 73.000000 217.000000 0.000000
      vertex 47.920475 198.778656 0.000000
      vertex 50.401978 195.779037 0.000000
    endloop
  endfacet
  facet normal 0 0 1
    outer loop
      vertex 73.000000 217.000000 0.000000
      vertex 50.401978 195.779037 0.000000
      vertex 53.239861 193.114090 0.000000
    endloop
  endfacet
  facet normal 0 0 1
    outer loop
      vertex 73.000000 217.000000 0.000000
      vertex 53.239861 193.114090 0.000000
      vertex 56.389378 190.825836 0.000000
    endloop
  endfacet
  facet normal 0 0 1
    outer loop
      vertex 73.000000 217.000000 0.000000
      vertex 56.389378 190.825836 0.000000
      vertex 59.800850 188.950363 0.000000
    endloop
  endfacet
  facet normal 0 0 1
    outer loop
      vertex 73.000000 217.000000 0.000000
      vertex 59.800850 188.950363 0.000000
      vertex 63.420483 187.517242 0.000000
    endloop
  endfacet
  facet normal 0 0 1
    outer loop
      vertex 73.000000 217.000000 0.000000
      vertex 63.420483 187.517242 0.000000
      vertex 67.191193 186.549088 0.000000
    endloop
  endfacet
  facet normal 0 0 1
    outer loop
      vertex 73.000000 217.000000 0.000000
      vertex 67.191193 186.549088 0.000000
      vertex 71.053505 186.061172 0.000000
    endloop
  endfacet
  facet normal 0 0 1
    outer loop
      vertex 73.000000 217.000000 0.000000
      vertex 71.053505 186.061172 0.000000
      vertex 74.946510 186.061172 0.000000
    endloop
  endfacet
  facet normal 0 0 1
    outer loop
      vertex 73.000000 217.000000 0.000000
      vertex 74.946510 186.061172 0.000000
      vertex 78.808823 186.549103 0.000000
    endloop
  endfacet
  facet normal 0 0 1
    outer loop
      vertex 73.000000 217.000000 0.000000
      vertex 78.808823 186.549103 0.000000
      vertex 82.579529 187.517242 0.000000
    endloop
  endfacet
  facet normal 0 0 1
    outer loop
      vertex 73.000000 217.000000 0.000000
      vertex 82.579529 187.517242 0.000000
      vertex 86.199165 188.950363 0.000000
    endloop
  endfacet
  facet normal 0 0 1
    outer loop
      vertex 73.000000 217.000000 0.000000
      vertex 86.199165 188.950363 0.000000
      vertex 89.610634 190.825836 0.000000
    endloop
  endfacet
  facet normal 0 0 1
    outer loop
      vertex 73.000000 217.000000 0.000000
      vertex 89.610634 190.825836 0.000000
      vertex 92.760147 193.114090 0.000000
    endloop
  endfacet
  facet normal 0 0 1
    outer loop
      vertex 73.000000 217.000000 0.000000
      vertex 92.760147 193.114090 0.000000
      vertex 95.598038 195.779053 0.000000
    endloop
  endfacet
  facet normal 0 0 1
    outer loop
      vertex 73.000000 217.000000 0.000000
      vertex 95.598038 195.779053 0.000000
      vertex 98.079536 198.778671 0.000000
    endloop
  endfacet
  facet normal 0 0 1
    outer loop
      vertex 73.000000 217.000000 0.000000
      vertex 98.079536 198.778671 0.000000
      vertex 100.165512 202.065643 0.000000
    endloop
  endfacet
  facet normal 0 0 1
    outer loop
      vertex 73.000000 217.000000 0.000000
      vertex 100.165512 202.065643 0.000000
      vertex 101.823074 205.588150 0.000000
    endloop
  endfacet
  facet normal 0 0 1
    outer loop
      vertex 73.000000 217.000000 0.000000
      vertex 101.823074 205.588150 0.000000
      vertex 103.026085 209.290634 0.000000
    endloop
  endfacet
  facet normal 0 0 1
    outer loop
      vertex 73.000000 217.000000 0.000000
      vertex 103.026085 209.290634 0.000000
      vertex 103.755554 213.114670 0.000000
    endloop
  endfacet
  facet normal 0 0 1
    outer loop
      vertex 73.000000 217.000000 0.000000
      vertex 103.755554 213.114670 0.000000
      vertex 104.000000 217.000000 0.000000
    endloop
  endfacet
  facet normal 0 0 1
    outer loop
      vertex 200.000000 100.000000 0.000000
      vertex 220.000000 100.000000 0.000000
      vertex 219.021133 106.180344 0.000000
    endloop
  endfacet
  facet normal 0 0 1
    outer loop
      vertex 200.000000 100.000000 0.000000
      vertex 219.021133 106.180344 0.000000
      vertex 216.180344 111.755707 0.000000
    endloop
  endfacet
  facet normal 0 0 1
    outer loop
      vertex 200.000000 100.000000 0.000000
      vertex 216.180344 111.755707 0.000000
      vertex 211.755707 116.180344 0.000000
    endloop
  endfacet
  facet normal 0 0 1
    outer loop
      vertex 200.000000 100.000000 0.000000
      vertex 211.755707 116.180344 0.000000
      vertex 206.180344 119.021133 0.000000
    endloop
  endfacet
  facet normal 0 0 1
    outer loop
      vertex 200.000000 100.000000 0.000000
      vertex 206.180344 119.021133 0.000000
      vertex 200.000000 120.000000 0.000000
    endloop
  endfacet
  facet normal 0 0 1
    outer loop
      vertex 200.000000 100.000000 0.000000
      vertex 200.000000 120.000000 0.000000
      vertex 193.819656 119.021133 0.000000
    endloop
  endfacet
  facet normal 0 0 1
    outer loop
      vertex 200.000000 100.000000 0.000000
      vertex 193.819656 119.021133 0.000000
      vertex 188.244293 116.180344 0.000000
    endloop
  endfacet
  facet normal 0 0 1
    outer loop
      vertex 200.000000 100.000000 0.000000
      vertex 188.244293 116.180344 0.000000
      vertex 183.819656 111.755707 0.000000
    endloop
  endfacet
  facet normal 0 0 1
    outer loop
      vertex 200.000000 100.000000 0.000000
      vertex 183.819656 111.755707 0.000000
      vertex 180.978867 106.180336 0.000000
    endloop
  endfacet
  facet normal 0 0 1
    outer loop
      vertex 200.000000 100.000000 0.000000
      vertex 180.978867 106.180336 0.000000
      vertex 180.000000 100.000000 0.000000
    endloop
  endfacet
  facet normal 0 0 1
    outer loop
      vertex 200.000000 100.000000 0.000000
      vertex 180.000000 100.000000 0.000000
      vertex 180.978867 93.819664 0.000000
    endloop
  endfacet
  facet normal 0 0 1
    outer loop
      vertex 200.000000 100.000000 0.000000
      vertex 180.978867 93.819664 0.000000
      vertex 183.819656 88.244293 0.000000
    endloop
  endfacet
  facet normal 0 0 1
    outer loop
      vertex 200.000000 100.000000 0.000000
      vertex 183.819656 88.244293 0.000000
      vertex 188.244293 83.819656 0.000000
    endloop
  endfacet
  facet normal 0 0 1
    outer loop
      vertex 200.000000 100.000000 0.000000
      vertex 188.244293 83.819656 0.000000
      vertex 193.819656 80.978867 0.000000
    endloop
  endfacet
  facet normal 0 0 1
    outer loop
      vertex 200.000000 100.000000 0.000000
      vertex 193.819656 80.978867 0.000000
      vertex 200.000000 80.000000 0.000000
    endloop
  endfacet
  facet normal 0 0 1
    outer loop
      vertex 200.000000 100.000000 0.000000
      vertex 200.000000 80.000000 0.000000
      vertex 206.180344 80.978874 0.000000
    endloop
  endfacet
  facet normal 0 0 1
    outer loop
      vertex 200.000000 100.000000 0.000000
      vertex 206.180344 80.978874 0.000000
      vertex 211.755707 83.819664 0.000000
    endloop
  endfacet
  facet normal 0 0 1
    outer loop
      vertex 200.000000 100.000000 0.000000
      vertex 211.755707 83.819664 0.000000
      vertex 216.180344 88.244301 0.000000
    endloop
  endfacet
  facet normal 0 0 1
    outer loop
      vertex 200.000000 100.000000 0.000000
      vertex 216.180344 88.244301 0.000000
      vertex 219.021133 93.819664 0.000000
    endloop
  endfacet
  facet normal 0 0 1
    outer loop
      vertex 200.000000 100.000000 0.000000
      vertex 219.021133 93.819664 0.000000
      vertex 220.000000 100.000000 0.000000
    endloop
  endfacet
  facet normal 0 0 1
    outer loop
      vertex 200.000000 33.000000 0.000000
      vertex 180.000000 80.000000 0.000000
      vertex 220.000000 80.000000 0.000000
    endloop
  endfacet
  facet normal 0 0 1
    outer loop
      vertex 219.771454 -12.949314 0.000000
      vertex 222.490387 -11.681461 0.000000
      vertex 177.509613 77.681458 0.000000
    endloop
  endfacet
  facet normal 0 0 1
    outer loop
      vertex 177.509613 77.681458 0.000000
      vertex 222.490387 -11.681461 0.000000
      vertex 180.228546 78.949310 0.000000
    endloop
  endfacet
  facet normal 0 0 1
    outer loop
      vertex 177.509613 -11.681461 0.000000
      vertex 180.228546 -12.949314 0.000000
      vertex 219.771454 78.949310 0.000000
    endloop
  endfacet
  facet normal 0 0 1
    outer loop
      vertex 219.771454 78.949310 0.000000
      vertex 180.228546 -12.949314 0.000000
      vertex 222.490387 77.681458 0.000000
    endloop
  endfacet
  facet normal 0 0 1
    outer loop
      vertex 239.205994 31.708380 0.000000
      vertex 241.924927 32.976234 0.000000
      vertex 218.075073 77.023766 0.000000
    endloop
  endfacet
  facet normal 0 0 1
    outer loop
      vertex 218.075073 77.023766 0.000000
      vertex 241.924927 32.976234 0.000000
      vertex 220.794006 78.291618 0.000000
    endloop
  endfacet
  facet normal 0 0 1
    outer loop
      vertex 158.075073 32.976234 0.000000
      vertex 160.794006 31.708380 0.000000
      vertex 179.205994 78.291618 0.000000
    endloop
  endfacet
  facet normal 0 0 1
    outer loop
      vertex 179.205994 78.291618 0.000000
      vertex 160.794006 31.708380 0.000000
      vertex 181.924927 77.023766 0.000000
    endloop
  endfacet
  facet normal 0 0 1
    outer loop
      vertex 290.000000 96.000000 0.000000
      vertex 309.000000 96.000000 0.000000
      vertex 308.070068 101.871323 0.000000
    endloop
  endfacet
  facet normal 0 0 1
    outer loop
      vertex 290.000000 96.000000 0.000000
      vertex 308.070068 101.871323 0.000000
      vertex 305.371338 107.167923 0.000000
    endloop
  endfacet
  facet normal 0 0 1
    outer loop
      vertex 290.000000 96.000000 0.000000
      vertex 305.371338 107.167923 0.000000
      vertex 301.167908 111.371323 0.000000
    endloop
  endfacet
  facet normal 0 0 1
    outer loop
      vertex 290.000000 96.000000 0.000000
      vertex 301.167908 111.371323 0.000000
      vertex 295.871307 114.070076 0.000000
    endloop
  endfacet
  facet normal 0 0 1
    outer loop
      vertex 290.000000 96.000000 0.000000
      vertex 295.871307 114.070076 0.000000
      vertex 290.000000 115.000000 0.000000
    endloop
  endfacet
  facet normal 0 0 1
    outer loop
      vertex 290.000000 96.000000 0.000000
      vertex 290.000000 115.000000 0.000000
      vertex 284.128662 114.070076 0.000000
    endloop
  endfacet
  facet normal 0 0 1
    outer loop
      vertex 290.000000 96.000000 0.000000
      vertex 284.128662 114.070076 0.000000
      vertex 278.832092 111.371323 0.000000
    endloop
  endfacet
  facet normal 0 0 1
    outer loop
      vertex 290.000000 96.000000 0.000000
      vertex 278.832092 111.371323 0.000000
      vertex 274.628662 107.167915 0.000000
    endloop
  endfacet
  facet normal 0 0 1
    outer loop
      vertex 290.000000 96.000000 0.000000
      vertex 274.628662 107.167915 0.000000
      vertex 271.929932 101.871323 0.000000
    endloop
  endfacet
  facet normal 0 0 1
    outer loop
      vertex 290.000000 96.000000 0.000000
      vertex 271.929932 101.871323 0.000000
      vertex 271.000000 96.000000 0.000000
    endloop
  endfacet
  facet normal 0 0 1
    outer loop
      vertex 290.000000 96.000000 0.000000
      vertex 271.000000 96.000000 0.000000
      vertex 271.929932 90.128677 0.000000
    endloop
  endfacet
  facet normal 0 0 1
    outer loop
      vertex 290.000000 96.000000 0.000000
      vertex 271.929932 90.128677 0.000000
      vertex 274.628693 84.832077 0.000000
    endloop
  endfacet
  facet normal 0 0 1
    outer loop
      vertex 290.000000 96.000000 0.000000
      vertex 274.628693 84.832077 0.000000
      vertex 278.832092 80.628677 0.000000
    endloop
  endfacet
  facet normal 0 0 1
    outer loop
      vertex 290.000000 96.000000 0.000000
      vertex 278.832092 80.628677 0.000000
      vertex 284.128662 77.929924 0.000000
    endloop
  endfacet
  facet normal 0 0 1
    outer loop
      vertex 290.000000 96.000000 0.000000
      vertex 284.128662 77.929924 0.000000
      vertex 290.000000 77.000000 0.000000
    endloop
  endfacet
  facet normal 0 0 1
    outer loop
      vertex 290.000000 96.000000 0.000000
      vertex 290.000000 77.000000 0.000000
      vertex 295.871338 77.929924 0.000000
    endloop
  endfacet
  facet normal 0 0 1
    outer loop
      vertex 290.000000 96.000000 0.000000
      vertex 295.871338 77.929924 0.000000
      vertex 301.167938 80.628677 0.000000
    endloop
  endfacet
  facet normal 0 0 1
    outer loop
      vertex 290.000000 96.000000 0.000000
      vertex 301.167938 80.628677 0.000000
      vertex 305.371338 84.832085 0.000000
    endloop
  endfacet
  facet normal 0 0 1
    outer loop
      vertex 290.000000 96.000000 0.000000
      vertex 305.371338 84.832085 0.000000
      vertex 308.070068 90.128677 0.000000
    endloop
  endfacet
  facet normal 0 0 1
    outer loop
      vertex 290.000000 96.000000 0.000000
      vertex 308.070068 90.128677 0.000000
      vertex 309.000000 96.000000 0.000000
    endloop
  endfacet
  facet normal 0 0 1
    outer loop
      vertex 290.000000 32.000000 0.000000
      vertex 270.000000 76.000000 0.000000
      vertex 310.000000 76.000000 0.000000
    endloop
  endfacet
  facet normal 0 0 1
    outer loop
      vertex 308.926208 -12.136702 0.000000
      vertex 311.645142 -10.868847 0.000000
      vertex 268.354858 74.868843 0.000000
    endloop
  endfacet
  facet normal 0 0 1
    outer loop
      vertex 268.354858 74.868843 0.000000
      vertex 311.645142 -10.868847 0.000000
      vertex 271.073792 76.136703 0.000000
    endloop
  endfacet
  facet normal 0 0 1
    outer loop
      vertex 268.354858 -10.868847 0.000000
      vertex 271.073792 -12.136702 0.000000
      vertex 308.926208 76.136703 0.000000
    endloop
  endfacet
  facet normal 0 0 1
    outer loop
      vertex 308.926208 76.136703 0.000000
      vertex 271.073792 -12.136702 0.000000
      vertex 311.645142 74.868843 0.000000
    endloop
  endfacet
  facet normal 0 0 1
    outer loop
      vertex 328.783386 29.614687 0.000000
      vertex 331.502319 30.882540 0.000000
      vertex 308.497681 73.117462 0.000000
    endloop
  endfacet
  facet normal 0 0 1
    outer loop
      vertex 308.497681 73.117462 0.000000
      vertex 331.502319 30.882540 0.000000
      vertex 311.216614 74.385315 0.000000
    endloop
  endfacet
  facet normal 0 0 1
    outer loop
      vertex 248.497696 30.882540 0.000000
      vertex 251.216629 29.614687 0.000000
      vertex 268.783386 74.385315 0.000000
    endloop
  endfacet
  facet normal 0 0 1
    outer loop
      vertex 268.783386 74.385315 0.000000
      vertex 251.216629 29.614687 0.000000
      vertex 271.502319 73.117462 0.000000
    endloop
  endfacet
  facet normal 0 0 1
    outer loop
      vertex 380.000000 92.000000 0.000000
      vertex 398.000000 92.000000 0.000000
      vertex 397.119019 97.562309 0.000000
    endloop
  endfacet
  facet normal 0 0 1
    outer loop
      vertex 380.000000 92.000000 0.000000
      vertex 397.119019 97.562309 0.000000
      vertex 394.562317 102.580132 0.000000
    endloop
  endfacet
  facet normal 0 0 1
    outer loop
      vertex 380.000000 92.000000 0.000000
      vertex 394.562317 102.580132 0.000000
      vertex 390.580139 106.562309 0.000000
    endloop
  endfacet
  facet normal 0 0 1
    outer loop
      vertex 380.000000 92.000000 0.000000
      vertex 390.580139 106.562309 0.000000
      vertex 385.562317 109.119019 0.000000
    endloop
  endfacet
  facet normal 0 0 1
    outer loop
      vertex 380.000000 92.000000 0.000000
      vertex 385.562317 109.119019 0.000000
      vertex 380.000000 110.000000 0.000000
    endloop
  endfacet
  facet normal 0 0 1
    outer loop
      vertex 380.000000 92.000000 0.000000
      vertex 380.000000 110.000000 0.000000
      vertex 374.437683 109.119019 0.000000
    endloop
  endfacet
  facet normal 0 0 1
    outer loop
      vertex 380.000000 92.000000 0.000000
      vertex 374.437683 109.119019 0.000000
      vertex 369.419861 106.562309 0.000000
    endloop
  endfacet
  facet normal 0 0 1
    outer loop
      vertex 380.000000 92.000000 0.000000
      vertex 369.419861 106.562309 0.000000
      vertex 365.437683 102.580132 0.000000
    endloop
  endfacet
  facet normal 0 0 1
    outer loop
      vertex 380.000000 92.000000 0.000000
      vertex 365.437683 102.580132 0.000000
      vertex 362.880981 97.562302 0.000000
    endloop
  endfacet
  facet normal 0 0 1
    outer loop
      vertex 380.000000 92.000000 0.000000
      vertex 362.880981 97.562302 0.000000
      vertex 362.000000 92.000000 0.000000
    endloop
  endfacet
  facet normal 0 0 1
    outer loop
      vertex 380.000000 92.000000 0.000000
      vertex 362.000000 92.000000 0.000000
      vertex 362.880981 86.437691 0.000000
    endloop
  endfacet
  facet normal 0 0 1
    outer loop
      vertex 380.000000 92.000000 0.000000
      vertex 362.880981 86.437691 0.000000
      vertex 365.437683 81.419861 0.000000
    endloop
  endfacet
  facet normal 0 0 1
    outer loop
      vertex 380.000000 92.000000 0.000000
      vertex 365.437683 81.419861 0.000000
      vertex 369.419861 77.437691 0.000000
    endloop
  endfacet
  facet normal 0 0 1
    outer loop
      vertex 380.000000 92.000000 0.000000
      vertex 369.419861 77.437691 0.000000
      vertex 374.437683 74.880981 0.000000
    endloop
  endfacet
  facet normal 0 0 1
    outer loop
      vertex 380.000000 92.000000 0.000000
      vertex 374.437683 74.880981 0.000000
      vertex 380.000000 74.000000 0.000000
    endloop
  endfacet
  facet normal 0 0 1
    outer loop
      vertex 380.000000 92.000000 0.000000
      vertex 380.000000 74.000000 0.000000
      vertex 385.562317 74.880981 0.000000
    endloop
  endfacet
  facet normal 0 0 1
    outer loop
      vertex 380.000000 92.000000 0.000000
      vertex 385.562317 74.880981 0.000000
      vertex 390.580139 77.437698 0.000000
    endloop
  endfacet
  facet normal 0 0 1
    outer loop
      vertex 380.000000 92.000000 0.000000
      vertex 390.580139 77.437698 0.000000
      vertex 394.562317 81.419868 0.000000
    endloop
  endfacet
  facet normal 0 0 1
    outer loop
      vertex 380.000000 92.000000 0.000000
      vertex 394.562317 81.419868 0.000000
      vertex 397.119019 86.437698 0.000000
    endloop
  endfacet
  facet normal 0 0 1
    outer loop
      vertex 380.000000 92.000000 0.000000
      vertex 397.119019 86.437698 0.000000
      vertex 398.000000 92.000000 0.000000
    endloop
  endfacet
  facet normal 0 0 1
    outer loop
      vertex 380.000000 30.000000 0.000000
      vertex 360.000000 72.000000 0.000000
      vertex 400.000000 72.000000 0.000000
    endloop
  endfacet
  facet normal 0 0 1
    outer loop
      vertex 398.080963 -12.324083 0.000000
      vertex 400.799896 -11.056227 0.000000
      vertex 359.200104 71.056229 0.000000
    endloop
  endfacet
  facet normal 0 0 1
    outer loop
      vertex 359.200104 71.056229 0.000000
      vertex 400.799896 -11.056227 0.000000
      vertex 361.919037 72.324081 0.000000
    endloop
  endfacet
  facet normal 0 0 1
    outer loop
      vertex 359.200104 -11.056227 0.000000
      vertex 361.919037 -12.324083 0.000000
      vertex 398.080963 72.324081 0.000000
    endloop
  endfacet
  facet normal 0 0 1
    outer loop
      vertex 398.080963 72.324081 0.000000
      vertex 361.919037 -12.324083 0.000000
      vertex 400.799896 71.056229 0.000000
    endloop
  endfacet
  facet normal 0 0 1
    outer loop
      vertex 418.360748 27.520996 0.000000
      vertex 421.079681 28.788849 0.000000
      vertex 398.920319 69.211151 0.000000
    endloop
  endfacet
  facet normal 0 0 1
    outer loop
      vertex 398.920319 69.211151 0.000000
      vertex 421.079681 28.788849 0.000000
      vertex 401.639252 70.479004 0.000000
    endloop
  endfacet
  facet normal 0 0 1
    outer loop
      vertex 338.920319 28.788849 0.000000
      vertex 341.639252 27.520996 0.000000
      vertex 358.360748 70.479004 0.000000
    endloop
  endfacet
  facet normal 0 0 1
    outer loop
      vertex 358.360748 70.479004 0.000000
      vertex 341.639252 27.520996 0.000000
      vertex 361.079681 69.211151 0.000000
    endloop
  endfacet
  facet normal 0.000000 0.000000 1.000000
    outer loop
      vertex 100.000000 0.000000 50.000000
      vertex 95.105652 30.901701 50.000000
      vertex 0.000000 0.000000 50.000000
    endloop
  endfacet
  facet normal 0.000000 0.000000 -1.000000
    outer loop
      vertex 100.000000 0.000000 0.000000
      vertex 95.105652 30.901701 0.000000
      vertex 0.000000 0.000000 0.000000
    endloop
  endfacet
  facet normal 1.000000 0.000000 0.000000
    outer loop
      vertex 100.000000 0.000000 0.000000
      vertex 95.105652 30.901701 0.000000
      vertex 100.000000 0.000000 50.000000
    endloop
  endfacet
  facet normal 0.951057 0.309017 0.000000
    outer loop
      vertex 95.105652 30.901701 0.000000
      vertex 95.105652 30.901701 50.000000
      vertex 100.000000 0.000000 50.000000
    endloop
  endfacet
  facet normal 0.000000 0.000000 1.000000
    outer loop
      vertex 95.105652 30.901701 50.000000
      vertex 80.901695 58.778526 50.000000
      vertex 0.000000 0.000000 50.000000
    endloop
  endfacet
  facet normal 0.000000 0.000000 -1.000000
    outer loop
      vertex 95.105652 30.901701 0.000000
      vertex 80.901695 58.778526 0.000000
      vertex 0.000000 0.000000 0.000000
    endloop
  endfacet
  facet normal 0.951057 0.309017 0.000000
    outer loop
      vertex 95.105652 30.901701 0.000000
      vertex 80.901695 58.778526 0.000000
      vertex 95.105652 30.901701 50.000000
    endloop
  endfacet
  facet normal 0.809017 0.587785 0.000000
    outer loop
      vertex 80.901695 58.778526 0.000000
      vertex 80.901695 58.778526 50.000000
      vertex 95.105652 30.901701 50.000000
    endloop
  endfacet
  facet normal 0.000000 0.000000 1.000000
    outer loop
      vertex 80.901695 58.778526 50.000000
      vertex 58.778522 80.901703 50.000000
      vertex 0.000000 0.000000 50.000000
    endloop
  endfacet
  facet normal 0.000000 0.000000 -1.000000
    outer loop
      vertex 80.901695 58.778526 0.000000
      vertex 58.778522 80.901703 0.000000
      vertex 0.000000 0.000000 0.000000
    endloop
  endfacet
  facet normal 0.809017 0.587785 0.000000
    outer loop
      vertex 80.901695 58.778526 0.000000
      vertex 58.778522 80.901703 0.000000
      vertex 80.901695 58.778526 50.000000
    endloop
  endfacet
  facet normal 0.587785 0.809017 0.000000
    outer loop
      vertex 58.778522 80.901703 0.000000
      vertex 58.778522 80.901703 50.000000
      vertex 80.901695 58.778526 50.000000
    endloop
  endfacet
  facet normal 0.000000 0.000000 1.000000
    outer loop
      vertex 58.778522 80.901703 50.000000
      vertex 30.901695 95.105652 50.000000
      vertex 0.000000 0.000000 50.000000
    endloop
  endfacet
  facet normal 0.000000 0.000000 -1.000000
    outer loop
      vertex 58.778522 80.901703 0.000000
      vertex 30.901695 95.105652 0.000000
      vertex 0.000000 0.000000 0.000000
    endloop
  endfacet
  facet normal 0.587785 0.809017 0.000000
    outer loop
      vertex 58.778522 80.901703 0.000000
      vertex 30.901695 95.105652 0.000000
      vertex 58.778522 80.901703 50.000000
    endloop
  endfacet
  facet normal 0.309017 0.951057 0.000000
    outer loop
      vertex 30.901695 95.105652 0.000000
      vertex 30.901695 95.105652 50.000000
      vertex 58.778522 80.901703 50.000000
    endloop
  endfacet
  facet normal 0.000000 0.000000 1.000000
    outer loop
      vertex 30.901695 95.105652 50.000000
      vertex -0.000004 100.000000 50.000000
      vertex 0.000000 0.000000 50.000000
    endloop
  endfacet
  facet normal 0.000000 0.000000 -1.000000
    outer loop
      vertex 30.901695 95.105652 0.000000
      vertex -0.000004 100.000000 0.000000
      vertex 0.000000 0.000000 0.000000
    endloop
  endfacet
  facet normal 0.309017 0.951057 0.000000
    outer loop
      vertex 30.901695 95.105652 0.000000
      vertex -0.000004 100.000000 0.000000
      vertex 30.901695 95.105652 50.000000
    endloop
  endfacet
  facet normal -0.000000 1.000000 0.000000
    outer loop
      vertex -0.000004 100.000000 0.000000
      vertex -0.000004 100.000000 50.000000
      vertex 30.901695 95.105652 50.000000
    endloop
  endfacet
  facet normal 0.000000 0.000000 1.000000
    outer loop
      vertex -0.000004 100.000000 50.000000
      vertex -30.901705 95.105652 50.000000
      vertex 0.000000 0.000000 50.000000
    endloop
  endfacet
  facet normal 0.000000 0.000000 -1.000000
    outer loop
      vertex -0.000004 100.000000 0.000000
      vertex -30.901705 95.105652 0.000000
      vertex 0.000000 0.000000 0.000000
    endloop
  endfacet
  facet normal -0.000000 1.000000 0.000000
    outer loop
      vertex -0.000004 100.000000 0.000000
      vertex -30.901705 95.105652 0.000000
      vertex -0.000004 100.000000 50.000000
    endloop
  endfacet
  facet normal -0.309017 0.951056 0.000000
    outer loop
      vertex -30.901705 95.105652 0.000000
      vertex -30.901705 95.105652 50.000000
      vertex -0.000004 100.000000 50.000000
    endloop
  endfacet
  facet normal 0.000000 0.000000 1.000000
    outer loop
      vertex -30.901705 95.105652 50.000000
      vertex -58.778519 80.901703 50.000000
      vertex 0.000000 0.000000 50.000000
    endloop
  endfacet
  facet normal 0.000000 0.000000 -1.000000
    outer loop
      vertex -30.901705 95.105652 0.000000
      vertex -58.778519 80.901703 0.000000
      vertex 0.000000 0.000000 0.000000
    endloop
  endfacet
  facet normal -0.309017 0.951056 0.000000
    outer loop
      vertex -30.901705 95.105652 0.000000
      vertex -58.778519 80.901703 0.000000
      vertex -30.901705 95.105652 50.000000
    endloop
  endfacet
  facet normal -0.587785 0.809017 0.000000
    outer loop
      vertex -58.778519 80.901703 0.000000
      vertex -58.778519 80.901703 50.000000
      vertex -30.901705 95.105652 50.000000
    endloop
  endfacet
  facet normal 0.000000 0.000000 1.000000
    outer loop
      vertex -58.778519 80.901703 50.000000
      vertex -80.901703 58.778519 50.000000
      vertex 0.000000 0.000000 50.000000
    endloop
  endfacet
  facet normal 0.000000 0.000000 -1.000000
    outer loop
      vertex -58.778519 80.901703 0.000000
      vertex -80.901703 58.778519 0.000000
      vertex 0.000000 0.000000 0.000000
    endloop
  endfacet
  facet normal -0.587785 0.809017 0.000000
    outer loop
      vertex -58.778519 80.901703 0.000000
      vertex -80.901703 58.778519 0.000000
      vertex -58.778519 80.901703 50.000000
    endloop
  endfacet
  facet normal -0.809017 0.587785 0.000000
    outer loop
      vertex -80.901703 58.778519 0.000000
      vertex -80.901703 58.778519 50.000000
      vertex -58.778519 80.901703 50.000000
    endloop
  endfacet
  facet normal 0.000000 0.000000 1.000000
    outer loop
      vertex -80.901703 58.778519 50.000000
      vertex -95.105659 30.901680 50.000000
      vertex 0.000000 0.000000 50.000000
    endloop
  endfacet
  facet normal 0.000000 0.000000 -1.000000
    outer loop
      vertex -80.901703 58.778519 0.000000
      vertex -95.105659 30.901680 0.000000
      vertex 0.000000 0.000000 0.000000
    endloop
  endfacet
  facet normal -0.809017 0.587785 0.000000
    outer loop
      vertex -80.901703 58.778519 0.000000
      vertex -95.105659 30.901680 0.000000
      vertex -80.901703 58.778519 50.000000
    endloop
  endfacet
  facet normal -0.951057 0.309017 0.000000
    outer loop
      vertex -95.105659 30.901680 0.000000
      vertex -95.105659 30.901680 50.000000
      vertex -80.901703 58.778519 50.000000
    endloop
  endfacet
  facet normal 0.000000 0.000000 1.000000
    outer loop
      vertex -95.105659 30.901680 50.000000
      vertex -100.000000 -0.000009 50.000000
      vertex 0.000000 0.000000 50.000000
    endloop
  endfacet
  facet normal 0.000000 0.000000 -1.000000
    outer loop
      vertex -95.105659 30.901680 0.000000
      vertex -100.000000 -0.000009 0.000000
      vertex 0.000000 0.000000 0.000000
    endloop
  endfacet
  facet normal -0.951057 0.309017 0.000000
    outer loop
      vertex -95.105659 30.901680 0.000000
      vertex -100.000000 -0.000009 0.000000
      vertex -95.105659 30.901680 50.000000
    endloop
  endfacet
  facet normal -1.000000 -0.000000 0.000000
    outer loop
      vertex -100.000000 -0.000009 0.000000
      vertex -100.000000 -0.000009 50.000000
      vertex -95.105659 30.901680 50.000000
    endloop
  endfacet
  facet normal 0.000000 0.000000 1.000000
    outer loop
      vertex -100.000000 -0.000009 50.000000
      vertex -95.105652 -30.901697 50.000000
      vertex 0.000000 0.000000 50.000000
    endloop
  endfacet
  facet normal 0.000000 0.000000 -1.000000
    outer loop
      vertex -100.000000 -0.000009 0.000000
      vertex -95.105652 -30.901697 0.000000
      vertex 0.000000 0.000000 0.000000
    endloop
  endfacet
  facet normal -1.000000 -0.000000 0.000000
    outer loop
      vertex -100.000000 -0.000009 0.000000
      vertex -95.105652 -30.901697 0.000000
      vertex -100.000000 -0.000009 50.000000
    endloop
  endfacet
  facet normal -0.951057 -0.309017 0.000000
    outer loop
      vertex -95.105652 -30.901697 0.000000
      vertex -95.105652 -30.901697 50.000000
      vertex -100.000000 -0.000009 50.000000
    endloop
  endfacet
  facet normal 0.000000 0.000000 1.000000
    outer loop
      vertex -95.105652 -30.901697 50.000000
      vertex -80.901695 -58.778534 50.000000
      vertex 0.000000 0.000000 50.000000
    endloop
  endfacet
  facet normal 0.000000 0.000000 -1.000000
    outer loop
      vertex -95.105652 -30.901697 0.000000
      vertex -80.901695 -58.778534 0.000000
      vertex 0.000000 0.000000 0.000000
    endloop
  endfacet
  facet normal -0.951057 -0.309017 0.000000
    outer loop
      vertex -95.105652 -30.901697 0.000000
      vertex -80.901695 -58.778534 0.000000
      vertex -95.105652 -30.901697 50.000000
    endloop
  endfacet
  facet normal -0.809017 -0.587785 0.000000
    outer loop
      vertex -80.901695 -58.778534 0.000000
      vertex -80.901695 -58.778534 50.000000
      vertex -95.105652 -30.901697 50.000000
    endloop
  endfacet
  facet normal 0.000000 0.000000 1.000000
    outer loop
      vertex -80.901695 -58.778534 50.000000
      vertex -58.778507 -80.901711 50.000000
      vertex 0.000000 0.000000 50.000000
    endloop
  endfacet
  facet normal 0.000000 0.000000 -1.000000
    outer loop
      vertex -80.901695 -58.778534 0.000000
      vertex -58.778507 -80.901711 0.000000
      vertex 0.000000 0.000000 0.000000
    endloop
  endfacet
  facet normal -0.809017 -0.587785 0.000000
    outer loop
      vertex -80.901695 -58.778534 0.000000
      vertex -58.778507 -80.901711 0.000000
      vertex -80.901695 -58.778534 50.000000
    endloop
  endfacet
  facet normal -0.587785 -0.809017 0.000000
    outer loop
      vertex -58.778507 -80.901711 0.000000
      vertex -58.778507 -80.901711 50.000000
      vertex -80.901695 -58.778534 50.000000
    endloop
  endfacet
  facet normal 0.000000 0.000000 1.000000
    outer loop
      vertex -58.778507 -80.901711 50.000000
      vertex -30.901711 -95.105652 50.000000
      vertex 0.000000 0.000000 50.000000
    endloop
  endfacet
  facet normal 0.000000 0.000000 -1.000000
    outer loop
      vertex -58.778507 -80.901711 0.000000
      vertex -30.901711 -95.105652 0.000000
      vertex 0.000000 0.000000 0.000000
    endloop
  endfacet
  facet normal -0.587785 -0.809017 0.000000
    outer loop
      vertex -58.778507 -80.901711 0.000000
      vertex -30.901711 -95.105652 0.000000
      vertex -58.778507 -80.901711 50.000000
    endloop
  endfacet
  facet normal -0.309017 -0.951056 0.000000
    outer loop
      vertex -30.901711 -95.105652 0.000000
      vertex -30.901711 -95.105652 50.000000
      vertex -58.778507 -80.901711 50.000000
    endloop
  endfacet
  facet normal 0.000000 0.000000 1.000000
    outer loop
      vertex -30.901711 -95.105652 50.000000
      vertex 0.000001 -100.000000 50.000000
      vertex 0.000000 0.000000 50.000000
    endloop
  endfacet
  facet normal 0.000000 0.000000 -1.000000
    outer loop
      vertex -30.901711 -95.105652 0.000000
      vertex 0.000001 -100.000000 0.000000
      vertex 0.000000 0.000000 0.000000
    endloop
  endfacet
  facet normal -0.309017 -0.951056 0.000000
    outer loop
      vertex -30.901711 -95.105652 0.000000
      vertex 0.000001 -100.000000 0.000000
      vertex -30.901711 -95.105652 50.000000
    endloop
  endfacet
  facet normal 0.000000 -1.000000 0.000000
    outer loop
      vertex 0.000001 -100.000000 0.000000
      vertex 0.000001 -100.000000 50.000000
      vertex -30.901711 -95.105652 50.000000
    endloop
  endfacet
  facet normal 0.000000 0.000000 1.000000
    outer loop
      vertex 0.000001 -100.000000 50.000000
      vertex 30.901712 -95.105644 50.000000
      vertex 0.000000 0.000000 50.000000
    endloop
  endfacet
  facet normal 0.000000 0.000000 -1.000000
    outer loop
      vertex 0.000001 -100.000000 0.000000
      vertex 30.901712 -95.105644 0.000000
      vertex 0.000000 0.000000 0.000000
    endloop
  endfacet
  facet normal 0.000000 -1.000000 0.000000
    outer loop
      vertex 0.000001 -100.000000 0.000000
      vertex 30.901712 -95.105644 0.000000
      vertex 0.000001 -100.000000 50.000000
    endloop
  endfacet
  facet normal 0.309017 -0.951056 0.000000
    outer loop
      vertex 30.901712 -95.105644 0.000000
      vertex 30.901712 -95.105644 50.000000
      vertex 0.000001 -100.000000 50.000000
    endloop
  endfacet
  facet normal 0.000000 0.000000 1.000000
    outer loop
      vertex 30.901712 -95.105644 50.000000
      vertex 58.778545 -80.901680 50.000000
      vertex 0.000000 0.000000 50.000000
    endloop
  endfacet
  facet normal 0.000000 0.000000 -1.000000
    outer loop
      vertex 30.901712 -95.105644 0.000000
      vertex 58.778545 -80.901680 0.000000
      vertex 0.000000 0.000000 0.000000
    endloop
  endfacet
  facet normal 0.309017 -0.951056 0.000000
    outer loop
      vertex 30.901712 -95.105644 0.000000
      vertex 58.778545 -80.901680 0.000000
      vertex 30.901712 -95.105644 50.000000
    endloop
  endfacet
  facet normal 0.587785 -0.809017 0.000000
    outer loop
      vertex 58.778545 -80.901680 0.000000
      vertex 58.778545 -80.901680 50.000000
      vertex 30.901712 -95.105644 50.000000
    endloop
  endfacet
  facet normal 0.000000 0.000000 1.000000
    outer loop
      vertex 58.778545 -80.901680 50.000000
      vertex 80.901726 -58.778492 50.000000
      vertex 0.000000 0.000000 50.000000
    endloop
  endfacet
  facet normal 0.000000 0.000000 -1.000000
    outer loop
      vertex 58.778545 -80.901680 0.000000
      vertex 80.901726 -58.778492 0.000000
      vertex 0.000000 0.000000 0.000000
    endloop
  endfacet
  facet normal 0.587785 -0.809017 0.000000
    outer loop
      vertex 58.778545 -80.901680 0.000000
      vertex 80.901726 -58.778492 0.000000
      vertex 58.778545 -80.901680 50.000000
    endloop
  endfacet
  facet normal 0.809017 -0.587785 0.000000
    outer loop
      vertex 80.901726 -58.778492 0.000000
      vertex 80.901726 -58.778492 50.000000
      vertex 58.778545 -80.901680 50.000000
    endloop
  endfacet
  facet normal 0.000000 0.000000 1.000000
    outer loop
      vertex 80.901726 -58.778492 50.000000
      vertex 95.105652 -30.901695 50.000000
      vertex 0.000000 0.000000 50.000000
    endloop
  endfacet
  facet normal 0.000000 0.000000 -1.000000
    outer loop
      vertex 80.901726 -58.778492 0.000000
      vertex 95.105652 -30.901695 0.000000
      vertex 0.000000 0.000000 0.000000
    endloop
  endfacet
  facet normal 0.809017 -0.587785 0.000000
    outer loop
      vertex 80.901726 -58.778492 0.000000
      vertex 95.105652 -30.901695 0.000000
      vertex 80.901726 -58.778492 50.000000
    endloop
  endfacet
  facet normal 0.951057 -0.309017 0.000000
    outer loop
      vertex 95.105652 -30.901695 0.000000
      vertex 95.105652 -30.901695 50.000000
      vertex 80.901726 -58.778492 50.000000
    endloop
  endfacet
  facet normal 0.000000 0.000000 1.000000
    outer loop
      vertex 95.105652 -30.901695 50.000000
      vertex 100.000000 0.000017 50.000000
      vertex 0.000000 0.000000 50.000000
    endloop
  endfacet
  facet normal 0.000000 0.000000 -1.000000
    outer loop
      vertex 95.105652 -30.901695 0.000000
      vertex 100.000000 0.000017 0.000000
      vertex 0.000000 0.000000 0.000000
    endloop
  endfacet
  facet normal 0.951057 -0.309017 0.000000
    outer loop
      vertex 95.105652 -30.901695 0.000000
      vertex 100.000000 0.000017 0.000000
      vertex 95.105652 -30.901695 50.000000
    endloop
  endfacet
  facet normal 1.000000 0.000000 0.000000
    outer loop
      vertex 100.000000 0.000017 0.000000
      vertex 100.000000 0.000017 50.000000
      vertex 95.105652 -30.901695 50.000000
    endloop
  endfacet
  facet normal 0.000000 0.000000 -1.000000
    outer loop
      vertex 500.000000 0.000000 0.000000
      vertex 520.000000 0.000000 0.000000
      vertex 520.000000 20.000000 0.000000
    endloop
  endfacet
  facet normal 0.000000 0.000000 -1.000000
    outer loop
      vertex 500.000000 0.000000 0.000000
      vertex 520.000000 20.000000 0.000000
      vertex 500.000000 20.000000 0.000000
    endloop
  endfacet
  facet normal 0.000000 0.000000 1.000000
    outer loop
      vertex 500.000000 0.000000 50.000000
      vertex 520.000000 0.000000 50.000000
      vertex 520.000000 20.000000 50.000000
    endloop
  endfacet
  facet normal 0.000000 0.000000 1.000000
    outer loop
      vertex 500.000000 0.000000 50.000000
      vertex 520.000000 20.000000 50.000000
      vertex 500.000000 20.000000 50.000000
    endloop
  endfacet
  facet normal -1.000000 0.000000 0.000000
    outer loop
      vertex 500.000000 0.000000 0.000000
      vertex 500.000000 20.000000 0.000000
      vertex 500.000000 20.000000 50.000000
    endloop
  endfacet
  facet normal -1.000000 0.000000 0.000000
    outer loop
      vertex 500.000000 0.000000 0.000000
      vertex 500.000000 20.000000 50.000000
      vertex 500.000000 0.000000 50.000000
    endloop
  endfacet
  facet normal 1.000000 0.000000 0.000000
    outer loop
      vertex 520.000000 0.000000 0.000000
      vertex 520.000000 0.000000 50.000000
      vertex 520.000000 20.000000 50.000000
    endloop
  endfacet
  facet normal 1.000000 0.000000 0.000000
    outer loop
      vertex 520.000000 0.000000 0.000000
      vertex 520.000000 20.000000 50.000000
      vertex 520.000000 20.000000 0.000000
    endloop
  endfacet
  facet normal 0.000000 -1.000000 0.000000
    outer loop
      vertex 500.000000 0.000000 0.000000
      vertex 500.000000 0.000000 50.000000
      vertex 520.000000 0.000000 50.000000
    endloop
  endfacet
  facet normal 0.000000 -1.000000 0.000000
    outer loop
      vertex 500.000000 0.000000 0.000000
      vertex 520.000000 0.000000 50.000000
      vertex 520.000000 0.000000 0.000000
    endloop
  endfacet
  facet normal 0.000000 1.000000 0.000000
    outer loop
      vertex 520.000000 20.000000 0.000000
      vertex 520.000000 20.000000 50.000000
      vertex 500.000000 20.000000 50.000000
    endloop
  endfacet
  facet normal 0.000000 1.000000 0.000000
    outer loop
      vertex 520.000000 20.000000 0.000000
      vertex 500.000000 20.000000 50.000000
      vertex 500.000000 20.000000 0.000000
    endloop
  endfacet
endsolid obrazek
